"","Latitude","Longitude","cd1","cd2","cd3","wd1","wd2","wd3"
"2",19.9432,-64.5649,58102.96,22326.06438,2226.17,4.45,26.83,4.23
"3",20.2173,-64.3828,6639.79,573.26,1067.11,1.04,28.69,40.79
"4",20.4521,-64.1968,15246.71,11841.41,991.66,2.57,42.62,3503.27
"5",21.1293,-63.8333,5347.35,0,1420.39,1.15,12.86,4.26
"6",21.473,-63.5899,4090.58,766.52,409.06,0.48,29.63,4.36
"7",21.7367,-63.4227,44914.59,6731.74,33133.71,6.26,47.98,2051.84
"8",22.15,-63.1474,17324.82,64136.84,502.17,1.38,3.52,1.13
"9",22.8418,-62.7592,10467.48,102740.2808,413.19,1.24,33.9,15.84
"10",24.3576,-62.8129,7434.53,0,190.63,1.14,28.59,0.29
"11",24.3576,-62.8129,0,15797.43,704.84,0,8.96,13.59
"12",24.7657,-62.7221,377.59,17251.58,377.59,0.11,5.41,7.93
"13",25.3751,-62.4785,3126.56,3546.62,416.87,0.46,3.99,0.42
"14",25.5607,-62.4387,428395.48,13612.36,119370.62,15.62,837.83,25752.82
"15",26.0914,-61.7168,0,22192.57,351.88,0,4.52,8.45
"16",29.249,-62.9857,4682.38,155566.98,1560.79,0.61,86,105.82
"17",29.7453,-63.2167,3020.74,478350.99,3725.58,0.41,165.27,613.71
"18",30.5477,-63.7064,31985.11,1635.24,4991.9,8.1,778.18,599.95
"19",31.1813,-64.0147,1173.82,1006.3,1814.08,0.45,47.17,101.16
"20",31.535,-64.2677,9953.75,391199.87,2590.7,1.5,135.67,67.49
"21",31.9644,-64.5448,4082.42,2834.42,2776.04,0.65,154.97,1465.26
"22",32.32,-64.4322,6826,51728.14,4818.35,1.2,287.29,307.97
"23",32.079,-64.6316,0,74613.49,3272.47,0,449.15,175.08
"24",31.5865,-62.7727,2757.7,357243,811.09,0.45,209.89,50.94
"25",31.2001,-62.0368,0,14172.09,2134.22,0,109.54,90.92
"26",30.8735,-61.3126,5454.11,0,7032.93,1.18,505.72,701.43
"27",30.073,-58.7081,3346.84,57576.04,5454.11,0.47,187.16,193.5
"28",30.073,-58.7081,619.79,221.59,371.87,0.74,25.54,14.5
"29",29.6835,-56.6993,434.88,647.66,543.6,0.13,33.59,93.72
"30",29.5392,-54.9628,2727.05,0,2999.76,0.88,288.8,103.36
"31",29.2797,-53.6117,31002.3,503.15,1638.33,5.83,79.27,279.4
"32",28.907,-51.8931,2680.58,31770.67,1756.24,0.63,139.67,35.77
"33",28.7729,-51.0777,43126.42,0,4558.08,9.47,341.92,134.99
"34",28.5522,-50.1026,1431.7,30557.56,1636.23,0.78,268.53,205.55
"35",35.6729,-35.0237,3151.26,0,0,0.44,56.72,0
"36",36.2937,-33.3888,1163.54,20444.61,3781.52,0.23,154.54,214.24
"37",-23.4996,-39.2757,13612.36,0,2681.22,1.69,20.01,19.86
"38",-23.729,-37.4867,2142.69,38298.82,0,0.53,23.76,0
"39",-23.8868,-36.6933,1080.87,0,154.41,0.19,61.13,1.85
"40",-24.1104,-33.9573,17251.58,2271.17,1244.96,1.6,126.81,4.62
"41",-23.0308,-30.8532,8264.64,1645.11,0,0.93,104.94,0
"42",-22.297,-29.2472,1051.23,32704.83,1051.23,0.7,22.43,89
"43",-20.8268,-28.2509,1313.45,23981.43,0,0.04,10.95,0
"44",-19.7983,-27.3385,1868.85,62003.48,0,0.31,18.94,0
"45",-18.615,-26.1638,194.67,85587.56,0,0.02,1.95,0
"46",-17.887,-25.086,1816.8,0,0,1.09,0,0
"47",-16.9837,-23.7325,1968.85,434.88,0,0.16,2.26,0
"48",-16.2435,-22.5333,1006.3,709.11,335.43,0.07,3.22,4.51
"49",-13.9923,-20.739,0,6335.44,320.64,0,20.2,43.61
"50",-26.4261,-41.0363,0,20879.57,845.81,0,5.47,1.41
"51",-26.3881,-39.9167,363.39,724.62,1453.55,0.03,29,10.97
"52",-26.1893,-38.7646,503.15,2885.341799,503.15,0.25,11.22,25.84
"53",-26.131,-37.5873,0,70234.88121,540.28,0,31.74,57.16
"54",-25.9968,-36.4999,3400.01,0,485.72,0.31,51.56,40.53
"55",-25.8957,-35.3693,1962.29,4331.36,654.1,0.36,6.87,11.05
"56",-25.801,-34.2127,0,1431.7,0,0,84.96,0
"57",-25.9165,-35.0814,1206.33,0,4423.19,0.44,10.86,50.59
"58",-26.0782,-31.973,0,0,0,0,80.11,0
"59",-26.3129,-31.0914,1022.03,0,817.62,0.04,57.58,122.87
"60",-26.4893,-30.029,2289.34,0,654.1,1.99,78.03,28.29
"61",-26.7957,-29.097,473.98,20349.25,0,0.33,18.84,0
"62",-26.6971,-28.091,137.42,25126.88,549.66,0.12,18.36,115.29
"63",-27.3323,-26.8913,893.57,52575,446.79,0.22,52.72,27.48
"64",-27.8835,-25.8982,1514.11,4995.14,216.3,0.22,32.01,11.03
"65",-28.5773,-24.9763,268.07,4178.738309,804.22,0.03,21.71,143.42
"66",-29.5155,-24.6103,545.08,3126.56,0,0.05,47.69,0
"67",-29.9658,-23.4819,1054.99,0,527.5,0.21,54.33,41.67
"68",-30.6643,-22.6652,0,3126.56,817.62,0,34.07,73.04
"69",-31.2527,-21.7331,3270.48,1080.87,1189.27,0.24,60.56,111.49
"70",-31.8705,-20.748,837.73,19089.38,368.6,0.18,11.03,12.57
"71",-32.5913,-19.948,4769.45,50828.03,4769.45,1.36,271.59,334
"72",-33.4867,-19.0997,8687.22,5382.34,4088.1,0.72,328.63,134.91
"73",-34.0419,-18.1859,817.62,6450,817.62,0.49,292.79,9.81
"74",-34.6048,-17.1887,116236.4,151.33,17847.32,296.54,507.05,139.12
"75",-34.333,-15.9772,11290.95,0,4672.12,2.88,358.47,137.36
"76",-34.065,-14.785,13462.04,0,3167.54,4.91,371.95,38.6
"77",-33.5729,-13.7057,24543.49,80350.71,5360.07,4.23,160.24,26.8
"78",-33.2573,-12.4862,6813.51,20849.33,4996.57,1.14,39.15,334.09
"79",-32.9033,-11.3745,36419.37,0,527.82,7.92,368.94,16.89
"80",-32.607,-10.2,123897.43,74111.72,37759.22,21.24,106.2,118
"81",-32.3348,-9.2109,74613.49,1090.16,15637.56,19.97,329.95,1398.94
"82",-31.6387,-8.0787,49086.98,1045.21,10908.22,11.93,794.46,37.43
"83",-31.9295,-6.989,1855.89,15506.45,8042.17,0.19,31.49,184.97
"84",-32.278,-5.9515,65449.31,8654.04,11453.63,8.48,65.6,289.61
"85",-32.618,-4.8462,0,817.62,3406.75,0,110.58,83.19
"86",-32.835,-3.6837,1635.24,5347.35,8721.29,0.38,20.6,94.63
"87",-33.043,-2.4258,47450.75,0,6544.93,7.53,292.72,19.63
"88",-33.2157,-1.2692,3270.48,837.73,8176.21,0.65,341.44,17.33
"89",-33.4173,0.0825,32704.83,14058.05,24528.63,6.7,566.12,288.37
"90",-33.6215,1.0787,1090.16,0,4905.73,0.22,8.07,25.89
"91",-33.82,2.264,29434.35,9953.75,8721.29,5.01,257.88,63.28
"92",-34.0253,3.4618,1635.24,16036.52263,0,1.64,97.02,0
"93",-34.1586,4.8587,0,13470.24,3066.08,0,157.06,91.83
"94",-34.3584,6.2549,19089.38,88881.78,2727.05,5.32,259.07,35.45
"95",-34.3065,7.1063,0,17998.56,0,0,101.49,0
"96",-34.0162,9.7782,2180.32,62003.48,0,0.87,34.99,0
"97",-33.7817,11.3967,54508.06,0,8919.5,12.78,903.35,125.86
"98",-17.7225,-5.9518,0,0,1923.81,0,8.18,1.92
"99",-19.1813,-5.9712,1923.81,0,480.95,0.96,3.37,2.4
"100",-20.8803,-5.9975,0,50310.92,263.75,0,17.41,44.31
"101",-22.5407,-6.1887,2336.06,10883.01462,1001.17,0.33,81.06,73.09
"102",-23.8528,-6.3298,9386.58,0,0,2.22,16.06,0
"103",-24.3825,-7.267,19798.89,3346.84,2566.52,2.57,107.43,34.83
"104",-24.9143,-8.2032,25126.88,4496.91,1994.2,4.39,108.88,264.83
"105",-25.3823,-9.2272,35430.24,4695.8,10122.92,8.57,41.66,52.56
"106",-25.8243,-10.2767,204626.19,2757.7,30937,34.03,380.97,236.45
"107",-26.2905,-11.288,45604.35,598.26,2605.96,5.54,57.33,17.59
"108",-26.8388,-12.2565,18937.54,46548,3607.15,5.41,101.9,76.95
"109",-27.222,-13.266,5946.33,18937.54,495.53,1.49,77.8,41.62
"110",-27.6412,-14.3013,88575.59,15454.06732,17478.13,16.89,467.76,843.1
"111",-28.032,-15.3368,29236.14,634.91,3964.22,5.45,279.48,229.92
"112",-28.3865,-16.3898,17885.46,6826,4258.44,5.2,150.32,692
"113",-28.832,-17.443,70126.71,0,13207.72,12.26,227.68,120.44
"114",-29.1203,-18.5112,22192.57,59575.71,3504.09,5.26,234.77,145.71
"115",-29.5068,-19.5708,31239.29,99772.24,7713.4,8.41,214.43,40.11
"116",-29.9482,-20.712,21597.53,0,5785.05,5.4,281.92,366
"117",-30.2798,-21.833,51047.23,99204.64,7786.87,9.08,158.33,665.78
"118",-30.5678,-22.9272,138304.02,1163.54,17491.39,21.15,292.88,163.93
"119",-30.896,-24.0645,211384.9,173744.43,43539.97,30.91,273.87,169.51
"120",-31.1353,-25.223,173744.43,206456.97,10549.95,21.43,287.49,60.99
"121",-31.4843,-26.3197,24186.85,2680.58,2366.11,2.63,58.36,31.55
"122",-31.6642,-27.5227,96946.47,0,18396.47,13.72,307.16,101.62
"123",-31.94,-28.6897,47474.76,6023.14,0,8.44,88.14,0
"124",-32.4768,-29.7142,82179.24,0,21274.83,11.14,234.44,163.11
"125",-32.831,-30.8133,23506.6,3713.827632,2725.4,3.75,65.07,209.52
"126",-33.2383,-32.0515,26607.32,4850.14,1940.12,4.43,138.03,185.14
"127",-33.4538,-33.1737,20849.33,3526.16,4496.91,3.03,87.89,150.85
"128",-33.687,-34.342,7432.92,1460.04,323.17,0.97,80.15,17.13
"129",-33.9352,-35.503,545.08,3126.56,272.54,0.27,14.44,60.23
"130",-34.6837,-36.4507,15609.13,750.64,0,2.97,128.59,0
"131",-34.765,-37.5982,7472.88,11051.75,5274.97,1.32,66.82,143.74
"132",-34.6662,-38.8243,38357.52,750.6776,10094.08,4.9,125.72,1090.16
"133",-34.807,-40.0783,90716.98,4897.21,9733.58,10.9,85.66,99.28
"134",-34.8687,-41.3467,85525.19,1855.89,10263.02,10.26,370.84,51.32
"135",-34.8428,-42.5657,3303.52,0,1651.76,0.91,34.38,106.81
"136",-34.9098,-43.8572,4569.06,0,1202.38,0.96,37.75,108.94
"137",-35.082,-45.0112,29360.02,27412.5,3716.46,4.09,47.94,66.15
"138",-34.9393,-46.2998,6813.51,845.81,1362.7,1.02,42.41,82.44
"139",-35.1497,-47.8308,16352.42,555.2543,2920.07,2.34,68.33,224.85
"140",-34.7158,-49.213,4695.8,101533.05,828.67,1.08,61.32,36.19
"141",37.2045,-133.865,15506.45,1962.29,1107.6,2.9,36.88,61.06
"142",37.1755,-133.9495,32472.93,0,14348.5,8.84,297.77,1158.28
"143",38.1515,-137.4531,118621.69,0,14282.21,13.69,88.07,3654.46
"144",38.6913,-141.772,17257.5,20187.79343,2436.35,1.89,35.9,37.76
"145",38.6878,-142.0264,5100.93,14421.28,1660.77,1.87,22.04,224.67
"146",38.641,-142.2665,9619.48,123897.43,928.2,1.96,21.26,14.43
"147",37.8664,-143.8151,16235.81,29318.18182,11597.01,3.71,500.3,361.83
"148",36.6822,-144.8449,82044.72,5557.49,28202.87,31.23,788.09,12882.05
"149",36.5084,-145.0356,20917.25,10467.48,7296.71,6.32,212.72,40.38
"150",32.5488,-146.9627,22362.54,91055.69,7498.03,6.04,454.99,775.32
"151",32.5205,-147.2988,13741.98,92118.59,17177.48,4.12,522.88,1100.73
"152",31.5611,-152.6133,5382.34,36419.37,6028.23,1.46,411,4039.99
"153",29.4539,-153.52,2016.65,25281.4,5377.72,0.81,289.86,494.62
"154",18.8899,-155.6586,0,0,0,0,61.48,82.57
"155",18.9173,-155.7009,418.09,1240.887064,418.09,0.42,1.46,0.42
"156",18.9533,-155.7185,721.67,0,0,0.24,1.92,0
"157",18.1587,-155.9801,3741.2,137693.9,0,2.04,6.12,0
"158",19.2407,-155.1751,156.73,1054.99,156.73,0.31,3.45,3.76
"159",19.6952,-154.3368,221.59,2727.05,1107.94,0.22,10.41,25.26
"160",19.8499,-154.435,617.13,3400.19,411.42,0.41,10.08,20.57
"161",19.9206,-154.6866,1768.14,6798.71,1547.12,1.11,28.75,121.56
"162",19.0713,-155.4457,1590.78,4090.58,1590.78,0.68,11.82,38.86
"163",19.0051,-155.5729,14048.46,47474.76,1983.31,2.5,128.89,31.4
"164",19.3403,-156.087,26247.9,26926.97,1785.57,5.07,26.74,572.1
"165",19.8962,-155.9993,0,0,0,0,1.27,0
"166",19.2901,-156.0478,5713.83,5077.597841,0,2,3.14,0
"167",21.6509,-160.5405,2149.08,6046.119235,5730.88,0.72,66.62,10.75
"168",21.6499,-160.5483,642.81,1308.19,0,1.93,2.05,0
"169",22.0117,-160.8771,719.94,29997.6,959.92,0.6,23.16,20.64
"170",22.0984,-160.9692,3428.3,210.39,1371.32,1.65,130.69,59.1
"171",22.9567,-161.9107,719.94,54395.65,359.97,0.36,49.44,561.8
"172",23.5707,-164.4812,151.33,0,605.31,0.23,38.29,0.83
"173",30.1206,-165.4097,11453.63,15091.79266,2337.48,2.45,94.08,179.05
"174",30.989,-165.4256,4850.14,3971.3,2121.94,1.53,215.22,104.88
"175",32.0113,-165.4,709.11,1924.1667,2994.01,0.1,136.78,378.66
"176",32.2366,-165.914,9360.95,4323.51,2042.39,1.74,206.83,1399.72
"177",33.0283,-167.5915,29563.75,0,2603.1,7.62,770.33,7080.98
"178",33.0118,-167.9233,30557.56,6377.44,3519.72,5.12,202.86,1014.32
"179",33.0136,-168.1356,14317.04,31985.11,5028.01,3.78,88.62,392.27
"180",32.8404,-170.0683,15427.34,0,1371.32,2.19,53.02,3126.72
"181",32.5552,-169.6959,4249.66,24346.6899,1624.87,0.87,170.49,54.12
"182",32.2592,-167.992,12399.01,118621.69,10132.52,2.27,630.68,538.56
"183",32.5498,-165.8103,10496.48,29360.02,4894.06,1.77,232.66,1015.68
"184",32.4721,-166.1064,0,211384.9,5235.94,0,141.25,264.23
"185",33.2827,-164.9998,287.29,1818.04,2528.13,0.11,188.23,241.21
"186",33.7558,-162.7216,7270.35,5100.93,4433.14,1.01,413.35,1389.88
"187",33.7601,-160.4152,21459.82,0,11999.04,5.31,284.52,170.52
"188",34.5145,-157.8488,38094.85,0,5538.02,11.77,556.82,414.85
"189",36.1594,-157.5585,3183.82,15246.71,1790.9,1.39,83.38,496.48
"190",35.6912,-147.6655,54395.65,13779.54,14698.82,16.1,862.43,855.73
"191",35.8771,-132.573,32809.88,0,9561.74,5.81,18.56,64.49
"192",35.7633,-138.5103,164899.09,1044.9067,17386.52,100.41,408.52,356.49
"193",35.7626,-138.7748,59515.24,18313.97,10559.16,17.16,631.2,468
"194",35.8875,-139.3993,38298.82,0,14527.14,9.25,603.35,16468.56
"195",35.9653,-139.8182,32801.28,0,7936.93,8.16,246.99,455.23
"196",36.0408,-140.3313,357243,25474.15,61233,75.66,402.11,559.43
"197",36.083,-140.7946,211557.29,2555.07,44254.33,50.28,548.32,1137.65
"198",35.8409,-140.8203,300585.87,473.98,49024.86,64.78,823.72,4586.12
"199",35.3814,-141.0245,391199.87,29236.14,41887.56,64.52,576.8,965.02
"200",35.0049,-141.4513,101533.05,31239.29,13657.73,31.42,899.24,1811.25
"201",35.9064,-141.7822,155566.98,3543.02,16380.83,45.48,866.86,1627.4
"202",34.679,-142.0756,159155.27,155428.8,16894.65,33.71,568.84,10342.26
"203",25.107,-128.1097,14058.05,13462.04,3834.01,3.07,7.22,32.38
"204",24.2205,-128.353,2491.81,6639.79,766.71,0.35,4.6,0.77
"205",23.5677,-130.3722,4561.04,0,2105.09,0.67,7.3,9.44
"206",24.6048,-146.387,1045.21,1240.887064,209.04,0.22,4.92,23.31
"207",24.5445,-146.4777,1983.31,1968.85,330.55,0.24,2.66,114.26
"208",24.4147,-146.6687,210.39,1241.15444,420.77,0.11,4.73,44.6
"209",24.3578,-146.7665,20725.61,0,0,1.67,4.36,0
"210",23.567,-160.4192,4990.27,0,287.9,1.04,22.17,10.84
"211",29.301,-162.048,55398.79,9920.46,10160.48,11.88,343.78,311.83
"212",29.771,-162.6273,32345.24,719.94,11216.49,7.04,237.24,349.67
"213",30.5422,-163.2292,11958.37,2142.69,1708.34,1.22,172.79,147.16
"214",31.3098,-163.994,137693.9,169710.8,14359.51,23.8,588.64,1192.43
"215",31.6068,-164.2543,25655.84,0,6907.34,6.32,449.59,661.33
"216",32.7388,-165.2378,80350.71,418.09,3928.26,14.43,171.77,1680.94
"217",34.3688,-169.1825,7522.62,22362.54,2089.62,1.53,91.8,56.7
"218",34.3877,-170.019,57576.04,0,10886.23,10.63,274.7,531.13
"219",35.0628,-171.635,33826.4,5454.11,12732.84,5.35,143.53,611.51
"220",35.002,-171.7438,25474.15,60585.69,5713.83,4.07,90.47,469.01
"221",34.9987,-171.8237,23981.43,36847.44,4121.81,3.25,44.22,8302.32
"222",35.0003,-171.9347,27815.96,4249.66,3389.34,4.82,93.58,309.24
"223",34.5922,-172.951,30274.08,7522.62,1382.38,7.88,137.13,155.1
"224",34.5387,-176.3967,18313.97,0,18313.97,2.42,455.18,857.09
"225",34.4852,-176.4423,20444.61,83148.98,13873.13,2.77,398.67,5675.57
"226",34.4678,-176.4583,9799.58,1738.169623,6533.05,3.07,32.67,663.76
"227",34.4452,-176.4782,44996.4,0,937.43,10.22,89.06,15
"228",34.4268,-176.4903,81019.16,9619.48,12306.71,15.79,9278.23,627.64
"229",34.0135,-179.9885,11051.75,289.0749,0,3.16,31.58,0
"230",34.0515,-179.9942,74111.72,32809.88,0,20.12,365.26,0
"231",34.1497,-179.9897,17998.56,232634.45,0,3.28,21.6,0
"232",34.1563,-179.988,5454.11,11477.34,7726.65,0.86,550.41,449.46
"233",34.5053,-179.858,1818.04,102332.95,606.01,0.11,30.54,9.39
"234",35.095,-179.9312,24283.77,70126.71,4285.37,3.09,29.38,38.47
"235",35.3822,-179.893,21628.36,371.65,2068.8,4.7,46.08,51.53
"236",35.4108,-179.8732,15103.69,1590.78,3775.92,2.27,37.51,8.68
"237",36.0995,-179.588,60256.05,0,9651.4,7.83,97.3,107.99
"238",36.4778,-179.353,29997.6,29434.35,4285.37,4.3,27.43,57.85
"239",37.8532,-179.3768,505.81,0,1180.23,0.17,34.21,12.31
"240",39.2955,-179.7523,11477.34,2149.08,2086.79,3.23,4.59,107.99
"241",39.3125,-179.7445,85587.56,19181.16,10698.44,16.99,246.63,60.41
"242",40.3088,-178.9072,16455.83,791.25,4113.96,5.97,80.22,26.74
"243",40.492,-178.7088,13845.05,40744.76,2769.01,2.77,92.3,30.46
"244",25.6292,-158.9848,13405.52,1868.85,439.53,1.98,35.38,10.55
"245",28.0083,-160.3058,232634.45,0,8770.88,31.98,163.15,231.07
"246",26.6528,-160.3025,206456.97,62977.87,8659.78,23.5,77.37,86.46
"247",31.1583,-160.2433,223307.2,1907.78,21973.43,23.95,283.88,280.12
"248",31.151,-160.1013,478350.99,23506.6,65028.35,57.82,1006.35,1875.55
"249",31.1502,-159.979,155428.8,0,10762.89,16.76,282.57,158.33
"250",30.8125,-158.6852,46548,568.0128653,705.27,5.48,216.92,61.69
"251",31.3132,-158.7325,0,20903.84,1079.95,0,5.32,7.89
"252",32.005,-159.0086,234356.25,12176.97,11624.07,36.99,475.87,195.4
"253",32.4983,-159.92,62482.95,0,5592.61,9.08,198.83,113.57
"254",32.5517,-159.9608,25165.27,75112.09,4673.55,5.66,2205.2,3744.39
"255",33.1373,-159.246,34033.64,26247.9,1963.48,2.44,177.54,74.44
"256",33.1848,-159.229,24076.76,28442.22462,4484.89,3,113.44,3448.41
"257",34.2913,-144.3522,102332.95,2491.81,25683.56,26.61,1028.63,5169.62
"258",34.37,-143.7072,82359.48,555.18,27118.37,16.29,4020.29,4608.68
"259",34.6675,-142.0818,43732.77,2336.06,10109.08,11.1,1133.98,979.7
"260",34.9327,-141.896,4331.36,721.67,4097.23,1.87,378.82,877.74
"261",35.007,-141.434,25281.4,16340,11870.71,6.28,1234.62,6174.96
"262",35.3843,-141.0217,12176.97,0,7228.34,2.66,876.02,4954.14
"263",35.841,-140.8242,6341.89,15049.64,19779.61,0.93,1316.23,4521.02
"264",36.074,-140.8297,15049.64,20917.25,8541.69,5.02,1352.16,8788.18
"265",36.0405,-140.3197,19181.16,43224.88,10960.66,12.69,1739.7,1277.21
"266",36.0135,-140.1468,99772.24,4769.45,18899.59,26.65,1708,7013.94
"267",35.9848,-139.9853,64136.84,10496.48,5302.15,6.84,830.07,11642.94
"268",35.9262,-139.7735,20349.25,0,8484.17,3.06,805.56,8079.16
"269",35.6865,-139.2023,0,562.5848734,3380.01,0,336.24,1635.57
"270",34.6502,-142.2878,88881.78,33826.4,25183.17,20.22,1953.03,1812.97
"271",31.5383,-156.8608,6798.71,2689.82,5827.46,0.87,0.29,903.26
"272",32.2027,-156.8332,6957.08,223307.2,5320.12,1.19,162.55,308.57
"273",39.1247,-156.9162,4548.72,27369.63,2894.64,1.98,74.6,6083.67
"274",40.2005,-156.707,13470.24,363.39,2755.28,1.07,109.38,84.92
"275",41.0398,-156.2367,16016.88,0,3313.84,2.71,265.05,38.66
"276",41.3213,-155.7068,95605.29,1022.03,21217.22,11.61,170.66,150.82
"277",41.3388,-155.7317,47068.59,642.81,0,4.4,58.93,0
"278",41.2838,-154.2545,83148.98,11958.37,11116.17,16.01,168.08,280.57
"279",40.5463,-151.5393,4703.68,0,335.98,0.01,38.51,21516.3
"280",40.5133,-150.16,59575.71,0,876.11,3.07,50.64,8.76
"281",40.4037,-148.0525,62003.48,38094.85,1347.9,3.59,40.89,2.25
"282",40.2372,-146.2703,38712.74,7434.53,0,1.74,9.93,0
"283",40.0895,-144.4545,88723.44,156.73,518.85,3.63,22.36,0.52
"284",40.3673,-140.9322,53751.77,0,0,17.02,16.57,0
"285",42.0602,-137.5418,106763.07,0,1447.63,4.7,2.53,25.33
"286",43.6962,-134.5772,27369.63,0,0,0.42,10.11,0
"287",14.5523,160.7231,1632.46,6506.052142,979.48,0.46,3.92,44.31
"288",15.2175,159.9003,0,32595.81,554.59,0,17.19,16.64
"289",15.7937,159.2056,0,4792.95,1438.91,0,0,0.36
"290",16.4507,158.5566,0,5450.81,0,0,3.29,0
"291",17.4912,157.5383,647.66,35430.24,323.83,0.1,13.28,5.51
"292",17.9596,157.078,724.62,6813.51,362.31,0.22,25,163.04
"293",32.8112,156.4986,0,19798.89,0,0,21.62,0
"294",19.4321,156.1433,573.26,4605.93,573.26,0.06,17.57,31.5
"295",19.6586,155.1127,2829.79,51047.23,0,1.23,4.4,0
"296",20.5115,155.1814,5557.49,0,617.5,1.02,30.81,1.23
"297",21.5837,155.3391,555.18,14048.46,0,0.14,7.77,0
"298",22.4588,155.2998,12957.51,1514.11,1245.91,1.92,30.77,17.94
"299",23.4111,155.2311,6315.32,7270.35,1202.92,1.2,9.89,126.01
"300",24.2949,155.0853,3526.16,11290.95,1923.36,0.71,63.05,113.54
"301",25.099,154.157,10862.09,0,391.43,2.03,21.16,28.41
"302",25.7062,153.2397,814.51,43126.42,1221.77,0.29,49.69,328.66
"303",26.3517,152.2958,3400.19,31002.3,1360.08,0.66,131.63,41.89
"304",27.0833,151.3647,4323.51,15103.69,864.7,1.27,44.33,151.61
"305",27.8482,150.2578,36781.1,32345.24,12260.37,7.66,1187.42,936.69
"306",28.5588,149.3047,2689.82,1817.5338,336.23,0.98,61.7,0.37
"307",29.7272,148.0468,62977.87,12957.51,10157.72,13.16,155.17,30.07
"308",33.2582,151.1831,20879.57,3547.73,2982.8,3.71,63.21,16.27
"309",32.0859,153.1712,6919.37,27815.96,553.55,1.69,70.16,11.43
"310",31.2728,155.3199,3546.62,0,2256.94,0.87,32.27,291.4
"311",30.7313,157.7742,2553.92,116236.4,4540.3,0.85,70.52,176.5
"312",30.191,160.4028,8654.04,2803.27,0,1.14,91.24,0
"313",30.4448,163.3177,1832.98,893.57,261.85,0.31,12.31,33.52
"314",30.4993,166.0763,9357.02,16235.81,1417.73,0.96,30.91,57.28
"315",30.077,168.133,24616.74,25165.27,807.11,4.68,50.44,292.17
"316",29.1979,169.8263,3547.73,106763.07,591.29,0.44,53.87,25.72
"317",29.4129,172.0143,6335.44,1173.82,1759.84,0.84,68.92,296.01
"318",28.4783,175.315,31770.67,60256.05,2242.64,6.39,99.5,595.42
"319",30.2817,-176.8333,14421.28,1816.8,759.01,0.87,51.35,31.88
"320",31.1333,-174.3002,13779.54,24186.85,1766.61,0.67,146.45,1837.98
"321",-33.1342,-81.2382,1090.16,0,0,0.33,0,0
"322",-33.1071,-82.387,0,0,0,0,0,0
"323",-33.0195,-83.4213,0,0,0,0,0,0
"324",-32.9105,-84.4851,0,90716.98,0,0,2.73,0
"325",-32.8038,-86.2393,0,0,1226.43,0,1.23,9.4
"326",-32.7309,-86.3835,1486.58,0,371.65,0.74,0,0.74
"327",-32.5685,-87.4243,1168.03,0,0,1.17,0,0
"328",-32.3817,-88.1103,355.49,0,4976.82,0.11,5.69,72.16
"329",-32.2052,-89.4267,791.25,0,395.62,0.12,1.58,1.58
"330",-31.978,-90.4108,1308.19,4331.36,327.05,0.34,7.85,0.65
"331",-31.8065,-91.3445,0,1628.8415,0,0,1.02,0
"332",-31.5774,-92.3432,1226.43,0,408.81,0.41,19.21,11.04
"333",-31.3878,-93.3457,371.65,0,1114.94,1.49,17.1,6.69
"334",-31.1743,-94.3172,766.52,1628.8415,255.51,0.31,8.69,4.6
"335",-30.9504,-95.3477,1645.11,436.843,658.04,0.33,5.59,4.28
"336",-30.5732,-96.2025,1179.83,72986.27,1179.83,0.03,31.9,14.63
"337",-30.2413,-97.0948,8328.02,24528.63,1561.5,2.6,53.59,13.79
"338",-29.8994,-97.9295,11841.41,5946.33,2255.51,3.55,82.61,11.56
"339",-29.5605,-98.8063,2555.07,20315.87473,511.01,2.04,94.82,8.18
"340",-29.3441,-99.7966,24528.63,446.4685254,18169.35,4.6,42.88,33.92
"341",-29.1922,-100.739,7665.2,8264.64,3577.09,2.2,263.48,42.36
"342",-29.0453,-101.7302,244566.94,1051.23,42079.9,20.86,413.61,296.36
"343",-28.8929,-102.5777,50828.03,773.4083,8198.07,8.69,136.09,74.77
"344",-28.7311,-103.5486,8176.21,268.07,2151.63,1.2,73.07,10.16
"345",-28.5805,-104.3963,23413.69,8176.21,4831.4,3.53,139.89,26.76
"346",-28.33,-105.331,8176.21,41807.67,3028.23,1.36,147.47,36.04
"347",-28.1885,-106.3073,2146.25,1168.03,1839.65,0.61,67.76,20.54
"348",-27.8781,-107.246,1460.04,47450.75,292.01,0.32,33.29,4.96
"349",-27.5502,-108.0495,17546.56,0,3289.98,2.08,323.66,49.28
"350",-27.2818,-108.9362,0,619.79,1635.24,0,186.12,19.95
"351",-27.022,-110.9803,634.91,137.42,634.91,0.21,132.38,22.01
"352",-26.8718,-111.9128,845.81,0,1691.63,0.39,57.52,52.72
"353",-26.6982,-112.871,598.26,240.1044,0,0.18,18.15,0
"354",-26.6027,-113.8575,0,16352.42,263.75,0,2.32,2.37
"355",-26.5353,-114.8312,0,0,441.96,0,1.77,0.66
"356",-26.3318,-115.7358,0,0,527.5,0,0,8.44
"357",-26.238,-116.6753,1409.69,6341.89,281.94,0.28,15.79,4.51
"358",-26.1643,-117.5795,0,49086.98,302.82,0,26.65,0.61
"359",-26.0652,-118.5125,0,88575.59,0,0,2.99,0
"360",-26.0422,-119.432,3971.3,0,700.82,0.3,2.8,1.64
"361",-25.9512,-120.4278,2271.17,6139.667705,908.47,1.14,14.54,2.73
"362",-25.8596,-121.3422,1907.78,234356.25,0,0.19,0.82,0
"363",-25.5538,-122.2008,0,2016.65,943.41,0,0.75,0.63
"364",-25.2705,-123.2543,480.95,0,0,0.19,1.68,0
"365",-24.9669,-123.9391,4496.91,0,817.62,0.78,2.66,0.61
"366",-24.6527,-124.7923,4792.95,211557.29,1973.57,0.54,7.33,5.07
"367",-24.5847,-125.7344,8191.38,1486.58,1365.23,0.82,11.83,1.14
"368",-24.4952,-126.6168,5450.81,44914.59,0,0.45,3.03,0
"369",-26.5485,106.8701,2803.27,21628.36,140.16,0.42,6.17,2.8
"370",-24.3947,99.5107,1780.66,6315.32,1335.5,0.71,11.06,3.56
"371",-24.4876,98.1066,4897.21,53751.77,0,0.64,6.6,0
"372",-24.4935,96.4434,14358.22,0,4786.07,2.15,220.16,162.73
"373",-24.0191,94.8233,4995.14,0,2590.07,0.91,21.15,24.79
"374",-21.4145,75.2972,15797.43,58102.96,850.81,1.22,5.93,27.57
"375",-21.2668,72.1455,1282.41,4548.72,453.78,0.22,13,69.72
"376",-21.049,68.4367,11186.87,15609.13,4523.92,0,1.35,579.2
"377",-20.6787,64.942,52575,0,9480.74,12.28,967.9,6655.26
"378",-20.2472,61.6722,1039.18,629.7350681,1294.72,0.21,21.66,88.28
"379",43.6823,7.699,13316.44144,0,3882.207207,0,0,0
"380",43.7653,8.0349,20187.79343,11186.87,5885.446009,0,0,0
"381",44.1738,8.9859,92122.13225,7472.88,26856.81511,0,0,0
"382",44.2934,9.2035,409477.2727,247853.6717,119376.9091,0,0,0
"383",43.8789,9.3394,113883.2659,0,33200.94467,0,0,0
"384",43.2046,8.999,15454.06732,0,4505.399719,0,0,0
"385",42.8895,10.2292,70234.88121,5713.83,20475.91793,0,0,0
"386",42.8428,10.2831,479454.6436,3151.26,139777.7538,0,0,0
"387",42.9838,9.3248,34209.25747,20725.61,9973.1919,0,0,0
"388",42.7337,9.0328,46825.15337,3020.74,13651.16564,0,0,0
"389",42.8743,8.2616,84165.76674,6957.08,24537.25702,0,0,0
"390",42.8568,8.317,20315.87473,113883.2659,5922.786177,0,0,0
"391",42.7962,8.4162,102593.361,85525.19,29909.54357,0,0,0
"392",42.757,8.4698,16036.52263,0,4675.205761,0,0,0
"393",42.7252,8.5102,15672.24622,0,4569.006479,0,0,0
"394",42.6938,8.5717,15091.79266,0,4399.784017,0,0,0
"395",42.6544,8.6121,51079.91361,354.3,14891.57667,0,0,0
"396",42.6225,8.6588,102740.2808,865.6198898,29952.37581,0,0,0
"397",42.6043,8.7248,193871.4903,10629.07,56520.30238,0,0,0
"398",42.8195,8.3553,16340,0,4763.68,0,0,0
"399",43.2464,8.0701,28442.22462,164899.09,8291.900648,0,0,0
"400",43.5498,8.6342,57998.74529,43732.77,16908.65747,0,0,0
"401",43.4473,8.3581,29318.18182,17324.82,8547.272727,0,0,0
"402",43.0758,6.384,24346.6899,13845.05,7097.909408,0,0,0
"403",43.0032,6.3696,247853.6717,14317.04,72257.99136,0,0,0
"404",43.063,5.8787,0,0,0,0,0,0
"405",43.3181,5.1862,0,0,0,0,0,0
"406",43.3203,5.1988,0,0,0,0,0,0
"407",43.3241,5.1659,6965.442765,559.8892589,2030.669546,0,0,0
"408",43.3003,5.246,0,0,0,0,0,0
"409",43.2609,4.9354,6450,4990.27,1880.4,0,0,0
"410",43.0098,4.3971,5077.597841,34033.64,1480.296896,0,0,0
"411",42.8136,3.9276,6046.119235,46059.29,1762.654668,0,0,0
"412",42.5295,3.1341,6139.667705,4703.68,1789.92731,0,0,0
"413",42.4627,3.3037,10883.01462,9386.58,3172.778403,0,0,0
"414",42.3302,3.4784,22326.06438,12847.79,6508.826584,0,0,0
"415",42.2513,3.6462,68493.52052,551.2172708,19968.25054,0,0,0
"416",42.2428,8.5225,6506.052142,505.81,1896.741155,0,0,0
"417",42.3235,8.5842,20425,11453.63,5954.6,0,0,0
"418",43.5743,7.393,27412.5,1632.46,7991.7,0,0,0
"419",-60.3388,-60.5325,36850.15,38712.74,0,56.14,0.44,0
"420",-63.8753,-56.0937,12847.79,30274.08,3211.95,1.82,22.38,4.71
"421",-63.3871,-56.801,0,0,0,0,1.24,0
"422",-57.7642,-67.0034,0,0,0,0,0.55,0
"423",-39.6298,-76.9828,750.64,0,0,0.27,0,0
"424",-34.1697,-73.0895,0,57998.74529,0,0,0.96,0
"425",-33.6899,-72.0005,0,1226.43,311.88,0,0.47,6.24
"426",14.5557,160.7487,0,0,0,0,0,0
"427",14.5557,160.7487,0,0,0,0,0,0
"428",15.7948,159.2038,0,0,0,0,0,0
"429",15.7948,159.2038,0,0,0,0,0,0
"430",17.4933,157.535,0,0,0,0,0,0
"431",19.3057,156.22,0,0,0,0,0,0
"432",22.0512,155.4182,0,0,0,0,0,0
"433",23.9013,155.2417,0,0,0,0,0,0
"434",23.9013,155.2417,0,0,0,0,0,0
"435",25.1033,154.1482,0,0,0,0,0,0
"436",26.358,152.2792,0,0,0,0,0,0
"437",26.7132,151.782,0,0,0,0,0,0
"438",27.7877,150.3495,0,0,0,0,0,0
"439",27.8875,150.1943,0,0,0,0,0,0
"440",27.8875,150.1943,0,0,0,0,0,0
"441",30.0408,147.59,0,0,0,0,0,0
"442",32.8888,143.7253,0,0,0,0,0,0
"443",32.9825,143.425,0,0,0,0,0,0
"444",32.9825,143.425,0,0,0,0,0,0
"445",32.16,152.46,0,0,0,0,0,0
"446",32.04,153.19,0,0,0,0,0,0
"447",32.0067,153.3833,0,0,0,0,0,0
"448",32.04,153.21,0,0,0,0,0,0
"449",31.08,155.33,0,0,0,0,0,0
"450",30.58,156.11,0,0,0,0,0,0
"451",31.05,155.46,0,0,0,0,0,0
"452",30.41,157.51,0,0,0,0,0,0
"453",30.4016,158.0191,0,0,0,0,0,0
"454",30.39,158.04,0,0,0,0,0,0
"455",30.2,158.4217,0,0,0,0,0,0
"456",30.12,158.55,0,0,0,0,0,0
"457",30.0962,160.0116,0,0,0,0,0,0
"458",30.14,160.53,0,0,0,0,0,0
"459",30.12,160.39,0,0,0,0,0,0
"460",30.1916,161.3383,0,0,0,0,0,0
"461",30.1152,160.309,0,0,0,0,0,0
"462",30.2556,163.0435,0,0,0,0,0,0
"463",30.28,163.59,0,0,0,0,0,0
"464",30.2949,164.2165,0,0,0,0,0,0
"465",30.3045,166.0915,0,0,0,0,0,0
"466",30.3397,166.2189,0,0,0,0,0,0
"467",30.33,166.2,0,0,0,0,0,0
"468",30.42,166.46,0,0,0,0,0,0
"469",29.5845,168.2213,0,0,0,0,0,0
"470",29.5261,168.3514,0,0,0,0,0,0
"471",29.1,170.03,0,0,0,0,0,0
"472",28.55,173.1,0,0,0,0,0,0
"473",29.01,172.49,0,0,0,0,0,0
"474",29.1514,172.2652,0,0,0,0,0,0
"475",29.11,170.31,0,0,0,0,0,0
"476",28.34,175.11,0,0,0,0,0,0
"477",28.2373,175.2428,0,0,0,0,0,0
"478",29.51,179.45,0,0,0,0,0,0
"479",30.0095,-178.5613,0,0,0,0,0,0
"480",30.04,-178.41,0,0,0,0,0,0
"481",30.2152,-176.4467,0,0,0,0,0,0
"482",30.25,-176.28,0,0,0,0,0,0
"483",30.2856,-176.1427,0,0,0,0,0,0
"484",30.3412,-175.5211,0,0,0,0,0,0
"485",31.1021,-174.1443,0,0,0,0,0,0
"486",31.1517,-174.0432,0,0,0,0,0,0
"487",31.2573,-173.469,0,0,0,0,0,0
"488",31.3837,-173.2722,0,0,0,0,0,0
"489",30.3,-173.04,0,0,0,0,0,0
"490",30.546,-172.3667,0,0,0,0,0,0
"491",31.0304,-172.2703,0,0,0,0,0,0
"492",30.8333,-146.9,0,0,0,0,0,0
"493",33.541,-144.916,0,0,0,0,0,0
"494",36.25,-142.9333,0,0,0,0,0,0
"495",36.45,-137.1667,0,0,0,0,0,0
"496",25.6667,-158.0333,0,0,0,0,0,0
"497",28.3667,-157.35,0,0,0,0,0,0
"498",33.65,-155.1667,0,0,0,0,0,0
"499",34.9333,-151.1167,0,0,0,0,0,0
"500",36.1167,-147.0333,0,0,0,0,0,0
"501",37.4833,-142.1,0,0,0,0,0,0
"502",37.85,-138,0,0,0,0,0,0
"503",27.5667,-154.2,0,0,0,0,0,0
"504",29.7333,-150.6167,0,0,0,0,0,0
"505",31.0667,-148.8,0,0,0,0,0,0
"506",32.5667,-147.4167,0,0,0,0,0,0
"507",34.4333,-145.8167,0,0,0,0,0,0
"508",36.5,-144.9,0,0,0,0,0,0
"509",37.9667,-143.4833,0,0,0,0,0,0
"510",27.5667,-157.3833,0,0,0,0,0,0
"511",30.95,-157.35,0,0,0,0,0,0
"512",33.4,-156.9333,0,0,0,0,0,0
"513",34.5,-153.25,0,0,0,0,0,0
"514",35.4167,-149.8833,0,0,0,0,0,0
"515",36,-146.3333,0,0,0,0,0,0
"516",36.5,-142.0833,0,0,0,0,0,0
"517",37.1667,-138.9167,0,0,0,0,0,0
"518",37.15,-138.9,0,0,0,0,0,0
"519",36.27,-148.5395,0,0,0,0,0,0
"520",35.6247,-139.8972,0,0,0,0,0,0
"521",35.401,-136.7717,0,0,0,0,0,0
"522",22.4217,-159.5167,0,0,0,0,0,0
"523",24.6667,-159.4667,0,0,0,0,0,0
"524",27.4852,-158.3032,0,0,0,0,0,0
"525",32.346,-157.5991,0,0,0,0,0,0
"526",33.9533,-155.8267,0,0,0,0,0,0
"527",35.8667,-152.5333,0,0,0,0,0,0
"528",37.0717,-148.6533,0,0,0,0,0,0
"529",36.1333,-142.15,0,0,0,0,0,0
"530",35.5483,-139.4417,0,0,0,0,0,0
"531",34.8083,-136.82,0,0,0,0,0,0
"532",34.5883,-133.7417,0,0,0,0,0,0
"533",34.7433,-131.535,0,0,0,0,0,0
"534",34.6683,-129.1617,0,0,0,0,0,0
"535",31.6442,-158.0152,0,0,0,0,0,0
"536",33.1199,-158.1481,0,0,0,0,0,0
"537",33.6833,-158.05,0,0,0,0,0,0
"538",34.05,-157.9833,0,0,0,0,0,0
"539",35.5667,-157.5833,0,0,0,0,0,0
"540",35.4167,-157.4,0,0,0,0,0,0
"541",34.4279,-155.8867,0,0,0,0,0,0
"542",33.885,-155.53,0,0,0,0,0,0
"543",33.2667,-154.5,0,0,0,0,0,0
"544",33.3667,-154.25,0,0,0,0,0,0
"545",32.3608,-152.7967,0,0,0,0,0,0
"546",32.3193,-151.3663,0,0,0,0,0,0
"547",33.8843,-148.678,0,0,0,0,0,0
"548",34.9017,-147.2349,0,0,0,0,0,0
"549",35.7317,-146.0215,0,0,0,0,0,0
"550",35.593,-141.4937,0,0,0,0,0,0
"551",35.1167,-153.1667,0,0,0,0,0,0
"552",37.2667,-151.9,0,0,0,0,0,0
"553",36.9833,-150.8167,0,0,0,0,0,0
"554",36.9,-149.3,0,0,0,0,0,0
"555",37.1667,-146.0833,0,0,0,0,0,0
"556",34.23,-162.1567,0,0,0,0,0,0
"557",40.1867,-162.3583,0,0,0,0,0,0
"558",41.8767,-161.3617,0,0,0,0,0,0
"559",44.1433,-158.7833,0,0,0,0,0,0
"560",27.2333,-156.2833,0,0,0,0,0,0
"561",29.05,-155.3667,0,0,0,0,0,0
"562",30.8,-153.15,0,0,0,0,0,0
"563",32.7,-151.0167,0,0,0,0,0,0
"564",37.7667,-144.6333,0,0,0,0,0,0
"565",38.2167,-142.4833,0,0,0,0,0,0
"566",33.3667,-154.7333,0,0,0,0,0,0
"567",33.5167,-154.8833,0,0,0,0,0,0
"568",35.2167,-153.2667,0,0,0,0,0,0
"569",35.2167,-153.2667,0,0,0,0,0,0
"570",36.1,-151.7833,0,0,0,0,0,0
"571",32.3333,-155.9333,0,0,0,0,0,0
"572",31.6,-157.4333,0,0,0,0,0,0
"573",36.2167,-151.5,0,0,0,0,0,0
"574",37.1833,-148.6,0,0,0,0,0,0
"575",23.25,-157.9833,0,0,0,0,0,0
"576",27.1167,-157.0833,0,0,0,0,0,0
"577",29.65,-156.0833,0,0,0,0,0,0
"578",29.65,-156.0833,0,0,0,0,0,0
"579",33.9,-155.0833,0,0,0,0,0,0
"580",33.9,-155.0833,0,0,0,0,0,0
"581",35.45,-154.5167,0,0,0,0,0,0
"582",37.7333,-150.95,0,0,0,0,0,0
"583",41.4333,-145.0333,0,0,0,0,0,0
"584",41.9833,-143.2167,0,0,0,0,0,0
"585",26.3833,-156.9333,0,0,0,0,0,0
"586",27.8833,-155.5167,0,0,0,0,0,0
"587",29.55,-153.5667,0,0,0,0,0,0
"588",31.1167,-151.3333,0,0,0,0,0,0
"589",32.7,-149.7333,0,0,0,0,0,0
"590",36.25,-146.9333,0,0,0,0,0,0
"591",37.6333,-146.0167,0,0,0,0,0,0
"592",37.8667,-143.3333,0,0,0,0,0,0
"593",38.0833,-141.0167,0,0,0,0,0,0
"594",38.1667,-137.6833,0,0,0,0,0,0
"595",38.3167,-134.7667,0,0,0,0,0,0
"596",38.15,-132.2,0,0,0,0,0,0
"597",23.25,-156.8833,0,0,0,0,0,0
"598",24.5333,-155.1833,0,0,0,0,0,0
"599",26.1167,-153.3167,0,0,0,0,0,0
"600",27.8333,-151.3333,0,0,0,0,0,0
"601",29.9667,-149.95,0,0,0,0,0,0
"602",32.2667,-148.85,0,0,0,0,0,0
"603",34.7167,-147.7333,0,0,0,0,0,0
"604",36.4,-146.3667,0,0,0,0,0,0
"605",36.7167,-143.9167,0,0,0,0,0,0
"606",36.75,-141.3,0,0,0,0,0,0
"607",36.9,-138.7667,0,0,0,0,0,0
"608",37.3167,-135.8333,0,0,0,0,0,0
"609",36.55,-148.9833,0,0,0,0,0,0
"610",36.6333,-146.6167,0,0,0,0,0,0
"611",24.5333,-157.9667,0,0,0,0,0,0
"612",28.7167,-156.6833,0,0,0,0,0,0
"613",31.5667,-153.5833,0,0,0,0,0,0
"614",34.5833,-151.5167,0,0,0,0,0,0
"615",37.25,-148.8833,0,0,0,0,0,0
"616",39.3333,-147.3167,0,0,0,0,0,0
"617",39.2167,-142.85,0,0,0,0,0,0
"618",38.8025,-138.6878,0,0,0,0,0,0
"619",38.85,-134.1,0,0,0,0,0,0
"620",38.5833,-130.1333,0,0,0,0,0,0
"621",39.1,-125.3167,0,0,0,0,0,0
"622",28.265,-157.4175,0,0,0,0,0,0
"623",33.9758,-156.0402,0,0,0,0,0,0
"624",36.5049,-155.274,0,0,0,0,0,0
"625",37.4767,-156.675,0,0,0,0,0,0
"626",37.5417,-152.4833,0,0,0,0,0,0
"627",37.5277,-152.2349,0,0,0,0,0,0
"628",37.2667,-145.2667,0,0,0,0,0,0
"629",31.1333,-159.5167,0,0,0,0,0,0
"630",34.1833,-159.1667,0,0,0,0,0,0
"631",36.1833,-158.2167,0,0,0,0,0,0
"632",29.8167,-156.9667,0,0,0,0,0,0
"633",30.9333,-156.5667,0,0,0,0,0,0
"634",32.9,-155.6667,0,0,0,0,0,0
"635",32.3833,-154.65,0,0,0,0,0,0
"636",33.9833,-151.3333,0,0,0,0,0,0
"637",35.9833,-148.8167,0,0,0,0,0,0
"638",37.3833,-146.0333,0,0,0,0,0,0
"639",37.1,-142.0333,0,0,0,0,0,0
"640",26.0945,-157.3422,0,0,0,0,0,0
"641",36.3092,-150.9315,0,0,0,0,0,0
"642",35.775,-149.31,0,0,0,0,0,0
"643",32.95,-159.55,0,0,0,0,0,0
"644",38.9667,-161.7833,0,0,0,0,0,0
"645",40.1167,-162.95,0,0,0,0,0,0
"646",43.0667,-160.2667,0,0,0,0,0,0
"647",46.65,-151.7167,0,0,0,0,0,0
"648",38.0762,-152.3518,0,0,0,0,0,0
"649",35.7733,-153.6367,0,0,0,0,0,0
"650",37.8873,-149.5742,0,0,0,0,0,0
"651",38.0007,-141.9933,0,0,0,0,0,0
"652",38.1875,-138.8018,0,0,0,0,0,0
"653",36.6393,-128.1462,0,0,0,0,0,0
"654",35.7667,-124.5,0,0,0,0,0,0
"655",24.3667,-156.1667,0,0,0,0,0,0
"656",27.4833,-154.3,0,0,0,0,0,0
"657",32.4,-150.9667,0,0,0,0,0,0
"658",36.55,-146.5,0,0,0,0,0,0
"659",36.1,-142.9,0,0,0,0,0,0
"660",35.7,-139.95,0,0,0,0,0,0
"661",36,-136.1,0,0,0,0,0,0
"662",22.1333,-158.0833,0,0,0,0,0,0
"663",22.8333,-158.6667,0,0,0,0,0,0
"664",24.25,-156.7833,0,0,0,0,0,0
"665",25.5333,-155.5,0,0,0,0,0,0
"666",26.6333,-154.1667,0,0,0,0,0,0
"667",30.5,-150.4667,0,0,0,0,0,0
"668",31.4,-148.1167,0,0,0,0,0,0
"669",35.1833,-147.7,0,0,0,0,0,0
"670",33.4167,-144.7667,0,0,0,0,0,0
"671",33.7167,-139.45,0,0,0,0,0,0
"672",33.1667,-136.4333,0,0,0,0,0,0
"673",31.5667,-132.3,0,0,0,0,0,0
"674",31.5167,-127.8667,0,0,0,0,0,0
"675",34.1667,-119.8,0,0,0,0,0,0
"676",31.2552,-158.1222,0,0,0,0,0,0
"677",31.6334,-156.0684,0,0,0,0,0,0
"678",33.0571,-153.8981,0,0,0,0,0,0
"679",32.9783,-154.145,0,0,0,0,0,0
"680",29.0717,-155.0567,0,0,0,0,0,0
"681",30.025,-155.03,0,0,0,0,0,0
"682",30.9867,-154.77,0,0,0,0,0,0
"683",30.985,-154.235,0,0,0,0,0,0
"684",30.775,-152.9033,0,0,0,0,0,0
"685",30.67,-152.4833,0,0,0,0,0,0
"686",30.6667,-150.885,0,0,0,0,0,0
"687",30.9017,-150.44,0,0,0,0,0,0
"688",31.49,-149.2467,0,0,0,0,0,0
"689",31.9917,-148.9783,0,0,0,0,0,0
"690",32.8967,-148.0717,0,0,0,0,0,0
"691",33.2733,-147.61,0,0,0,0,0,0
"692",34.3983,-146.6683,0,0,0,0,0,0
"693",34.765,-146.3617,0,0,0,0,0,0
"694",35.225,-144.7883,0,0,0,0,0,0
"695",35.3033,-144.2033,0,0,0,0,0,0
"696",35.6,-142.135,0,0,0,0,0,0
"697",35.4817,-141.5217,0,0,0,0,0,0
"698",35.4183,-139.385,0,0,0,0,0,0
"699",35.46,-138.7833,0,0,0,0,0,0
"700",30.25,-156.6,0,0,0,0,0,0
"701",30.5063,-156.3167,0,0,0,0,0,0
"702",32.0333,-154.3833,0,0,0,0,0,0
"703",33.05,-151.5667,0,0,0,0,0,0
"704",34.2513,-149.004,0,0,0,0,0,0
"705",35.6333,-146.8333,0,0,0,0,0,0
"706",36.7833,-144.8167,0,0,0,0,0,0
"707",38.5667,-142.1833,0,0,0,0,0,0
"708",21.9037,-157.7995,0,0,0,0,0,0
"709",24.9106,-157.4276,0,0,0,0,0,0
"710",24.0219,-157.6883,0,0,0,0,0,0
"711",27.7333,-157.1167,0,0,0,0,0,0
"712",26.8867,-157.1617,0,0,0,0,0,0
"713",30.4,-157.0833,0,0,0,0,0,0
"714",29.6667,-157.1333,0,0,0,0,0,0
"715",32.5083,-156.4917,0,0,0,0,0,0
"716",31.8833,-156.7667,0,0,0,0,0,0
"717",33.7975,-155.5469,0,0,0,0,0,0
"718",34.312,-155.3343,0,0,0,0,0,0
"719",35.6339,-154.1437,0,0,0,0,0,0
"720",36.1852,-153.2645,0,0,0,0,0,0
"721",37.6891,-150.3047,0,0,0,0,0,0
"722",37.184,-151.1729,0,0,0,0,0,0
"723",39.7213,-147.5733,0,0,0,0,0,0
"724",39.156,-148.2517,0,0,0,0,0,0
"725",41.2205,-146.6097,0,0,0,0,0,0
"726",41.6703,-146.3295,0,0,0,0,0,0
"727",5.62,83.003,0,0,0,0,0,0
"728",5.661,83.318,0,0,0,0,0,0
"729",5.898,85.037,0,0,0,0,0,0
"730",6.188,87.27,0,0,0,0,0,0
"731",6.17,87.014,0,0,0,0,0,0
"732",5.95,85.533,0,0,0,0,0,0
"733",5.922,85.258,0,0,0,0,0,0
"734",6.448,89.091,0,0,0,0,0,0
"735",6.198,87.365,0,0,0,0,0,0
"736",6.49,92.054,0,0,0,0,0,0
"737",6.613,90.768,0,0,0,0,0,0
"738",6.63,90.596,0,0,0,0,0,0
"739",6.506,92.351,0,0,0,0,0,0
"740",6.497,92.275,0,0,0,0,0,0
"741",6.658,93.964,0,0,0,0,0,0
"742",6.628,93.857,0,0,0,0,0,0
"743",-32.8627,-72.722,0,0,0,0,0,0
"744",-32.8038,-73.7013,0,0,0,0,0,0
"745",-32.4972,-77.4481,0,0,0,0,0,0
"746",-32.3752,-78.5765,0,0,0,0,0,0
"747",-32.2974,-79.2926,0,0,0,0,0,0
"748",-31.9064,-82.888,0,0,0,0,0,0
"749",-31.7669,-84.1668,0,0,0,0,0,0
"750",-31.6404,-85.3259,0,0,0,0,0,0
"751",-31.1997,-88.6466,0,0,0,0,0,0
"752",-31.0447,-89.5242,0,0,0,0,0,0
"753",-30.8015,-90.898,0,0,0,0,0,0
"754",-30.0226,-94.4413,0,0,0,0,0,0
"755",-29.7475,-95.5771,0,0,0,0,0,0
"756",-29.4875,-96.5755,0,0,0,0,0,0
"757",-28.5743,-99.8404,0,0,0,0,0,0
"758",-28.1803,-101.0936,0,0,0,0,0,0
"759",-27.8516,-102.1355,0,0,0,0,0,0
"760",-26.484,-105.4256,0,0,0,0,0,0
"761",-26.6293,-106.5247,0,0,0,0,0,0
"762",-27.4284,-108.8627,0,0,0,0,0,0
"763",-27.6904,-107.9983,0,0,0,0,0,0
"764",-28.7147,-104.5978,0,0,0,0,0,0
"765",-29.0015,-103.5481,0,0,0,0,0,0
"766",-29.1871,-102.8011,0,0,0,0,0,0
"767",-30.0421,-99.3412,0,0,0,0,0,0
"768",-30.3117,-98.1671,0,0,0,0,0,0
"769",-30.4833,-97.2965,0,0,0,0,0,0
"770",-31.0871,-94.2208,0,0,0,0,0,0
"771",-31.3323,-92.9653,0,0,0,0,0,0
"772",-31.4549,-92.1651,0,0,0,0,0,0
"773",-32,-88.4874,0,0,0,0,0,0
"774",-32.1755,-87.2985,0,0,0,0,0,0
"775",-32.2768,-86.3968,0,0,0,0,0,0
"776",-32.6918,-82.3284,0,0,0,0,0,0
"777",-32.8067,-81.1763,0,0,0,0,0,0
"778",-32.8447,-80.2808,0,0,0,0,0,0
"779",-32.9806,-77.0656,0,0,0,0,0,0
"780",-33.035,-75.7826,0,0,0,0,0,0
"781",-33.0137,-72.0418,0,0,0,0,0,0
"782",36.0533,-33.9307,10629.07,10862.09,6731.74,4.96,44.29,66.96
"783",35.2107,-33.9168,708.6,553.4831471,354.3,0,0,7.09
"784",34.4452,-34.4855,16297.91,4569.06,11691.98,2.48,233.84,199.83
"785",33.7943,-35.1402,3543.02,0,5314.53,3.19,428.35,2054.95
"786",33.4238,-35.0883,0,355.49,3897.33,0,74.4,88.22
"787",32.6252,-36.4067,9920.46,1206.33,1062.91,4.25,56.69,515.86
"788",31.8113,-36.8788,9566.16,553.4831471,4960.23,2.48,7.79,112.31
"789",30.9254,-37.0622,1771.51,1780.66,4251.63,0,87.16,55.27
"790",30.0679,-37.1043,6377.44,0,2480.12,0,41.45,119.75
"791",29.144,-37.2309,2834.42,21459.82,4960.23,0,17.86,46.77
"792",28.3091,-37.4031,6023.14,905.0822065,2834.42,1.77,25.51,141.72
"793",27.4098,-37.3969,354.3,0,2834.42,0,95.66,2240.96
"794",26.5065,-37.3597,0,0,708.6,0,35.78,58.46
"795",25.5796,-37.2534,1062.91,0,2125.81,0,0,53.85
"796",26.3333,-37.7217,4605.93,2553.92,6023.14,0,86.8,64.13
"797",27.1974,-38.1324,72986.27,0,8857.55,16.3,630.66,558.38
"798",28.1603,-38.518,41807.67,55398.79,13817.79,14.17,82.2,193.09
"799",28.9639,-38.8362,26926.97,6965.442765,3188.7,0,119.04,35.78
"800",29.8048,-39.3083,75112.09,0,10274.77,7.44,135.34,10365.82
"801",30.6054,-39.6499,6731.74,0,2125.81,1.77,30.82,156.96
"802",31.3922,-40.0811,51728.14,377.59,8857.55,12.75,102.75,71.21
"803",32.1936,-40.6542,43224.88,24283.77,5314.53,14.88,74.75,51.72
"804",33.0022,-41.2924,99204.64,1062.91,35075.92,15.95,179.98,228.88
"805",32.195,-41.6066,60585.69,0,13817.78,25.15,472.99,270.33
"806",31.3751,-41.7579,40744.76,708.6,4605.92,7.08,131.8,156.95
"807",30.5189,-42.0936,50310.92,16297.91,50310.92,13.1,41.81,4208.05
"808",29.695,-42.4807,18423.72,21597.53,22.67,3.89,22.67,23.74
"809",28.849,-42.5947,12046.27,159155.27,4605.92,0,32.59,23.38
"810",28.0164,-42.8324,20903.84,5112.1907,6023.14,3.54,97.78,49.24
"811",27.1221,-42.9629,8857.55,1832.98,7440.35,0,104.87,107.7
"812",26.2599,-43.1399,14172.09,617.13,5314.53,0.35,126.13,27.64
"813",26.8508,-43.773,2125.81,17546.56,2480.11,0.35,86.8,28.34
"814",27.5769,-44.3386,71569.06,71569.06,28344.18,47.83,153.41,6364.33
"815",28.33,-44.9782,92118.59,604.0059,36493.13,37.9,1171.67,4450.39
"816",29.0401,-45.484,91055.69,8687.22,10983.37,16.29,158.37,106.99
"817",29.7322,-46.0428,46059.29,1983.31,4605.92,19.1,57.39,93.18
"818",30.5454,-46.6554,36847.44,0,19132.32,15.23,131.45,83.61
"819",31.2709,-47.178,169710.8,0,18778.02,271.39,414.17,140.3
"820",32.0609,-47.6879,32595.81,55398.79,7440.34,6.02,224.63,120.82
"821",33.1602,-48.2675,0,0,0,0,0,0
"822",-39.3127,163.5895,0,0,653.5964865,0,0,0
"823",-39.3162,163.5735,0,0,0,0,0,0
"824",-39.3195,163.5565,0,0,566.8658273,0,0,0
"825",-39.9554,160.4171,0,0,0,0,0,0
"826",-40.049,160.0994,0,24076.76,0,0,0,0
"827",-40.0599,160.1041,0,0,405.7462081,0,0,0
"828",-40.6377,155.8846,0,14358.22,0,0,0,0
"829",-40.6433,155.8671,0,428395.48,0,0,0,0
"830",-40.6229,155.9181,0,0,0,0,0,0
"831",-41.1361,152.2775,0,0,0,0,0,0
"832",-41.1398,152.2646,0,0,0,0,0,0
"833",-41.1421,152.2508,905.0822065,0,0,0,0,0
"834",-43.5753,145.7961,0,24543.49,9189.505767,0,0,0
"835",-43.57,145.7886,0,1768.14,12521.67839,0,0,0
"836",-43.5637,145.7829,0,0,2268.011216,0,0,0
"837",-41.9208,144.5409,0,2289.34,2693.261665,0,0,0
"838",-41.9183,144.539,0,36850.15,3039.492643,0,0,0
"839",-41.9157,144.5373,0,0,0,0,0,0
"840",-39.0405,142.4134,0,18423.72,1776.617452,0,0,0
"841",-39.0374,142.4005,0,16455.83,1605.874887,0,0,0
"842",-39.0338,142.3859,0,12046.27,1238.315589,0,0,0
"843",-37.8855,139.8236,0,0,0,0,0,0
"844",-37.8764,139.8181,0,0,1675.266412,0,0,0
"845",-37.8677,139.8136,0,0,5841.80242,0,0,0
"846",-36.0524,135.6864,0,1039.18,3133.179694,0,0,0
"847",-36.0455,135.6857,0,3741.2,0,0,0,0
"848",-36.0362,135.6764,0,0,0,0,0,0
"849",-35.4797,132.1763,0,0,1555.045821,0,0,0
"850",-35.4777,132.1626,0,0,0,0,0,0
"851",-35.4756,132.1486,0,0,1380.261754,0,0,0
"852",-35.0721,127.2582,0,0,0,0,0,0
"853",-35.0723,127.2351,0,0,0,0,0,0
"854",-35.0729,127.2253,0,0,0,0,0,0
"855",-34.6047,121.815,0,0,0,0,0,0
"856",-34.6069,121.8093,0,0,1604.585905,0,0,0
"857",-34.6099,121.797,0,0,1098.416107,0,0,0
"858",-35.3157,118.62,0,0,1541.770172,0,0,0
"859",-35.3172,118.6137,0,0,0,0,0,0
"860",-35.3183,118.6074,0,0,2852.578358,0,0,0
"861",-33.1157,114.481,0,0,0,0,0,0
"862",-33.12,114.4594,0,0,0,0,0,0
"863",-33.1238,114.4373,0,0,458.3737724,0,0,0
"864",-41.8951,148.4559,0,0,0,0,0,0
"865",-41.8806,148.4923,0,2125.81,683.2132289,0,0,0
"866",-41.8728,148.5091,0,16339.2599,785.2407074,0,0,0
"867",-39.6546,148.8843,0,0,0,0,0,0
"868",-39.6467,148.8677,0,0,0,0,0,0
"869",-39.6342,148.8566,0,0,0,0,0,0
"870",-37.6376,150.3985,0,409477.2727,636.967471,0,0,0
"871",-37.6223,150.4009,0,300585.87,662.2918747,0,0,0
"872",-37.608,150.4028,0,0,2129.331025,0,0,0
"873",-35.4004,150.8417,0,8857.55,2390.724084,0,0,0
"874",-35.3924,150.8461,0,1771.51,1145.978779,0,0,0
"875",-35.3842,150.8507,0,599.5321,2104.34123,0,0,0
"876",-33.8782,152.0069,0,204626.19,967.4152337,0,0,0
"877",-33.8716,152.0142,0,927.7217263,1227.912686,0,0,0
"878",-33.8659,152.0208,0,545.08,0,0,0,0
"879",-33.1692,152.6955,0,688.9054233,1193.912579,0,0,0
"880",-33.1646,152.7014,1738.169623,17885.46,0,0,0,0
"881",-33.1609,152.7061,3713.827632,3270.48,1856.913816,0,0,0
"882",-31.0332,153.3714,0,0,976.7957004,0,0,0
"883",-31.0353,153.3628,0,20425,1911.322276,0,0,0
"884",-31.0353,153.3573,0,623.3336121,0,0,0,0
"885",-28.3415,153.9219,0,0,0,0,0,0
"886",-28.3396,153.9234,0,2180.32,0,0,0,0
"887",-28.3363,153.9244,0,36781.1,2718.976896,0,0,0
"888",-26.7254,153.3785,0,0,0,0,0,0
"889",-26.7152,153.3799,865.6198898,4682.38,0,0,0,0
"890",-26.704,153.3803,0,9360.95,0,0,0,0
"891",-24.9128,155.2055,0,0,0,0,0,0
"892",-24.9225,155.1969,0,0,0,0,0,0
"893",-24.9395,155.1771,0,0,0,0,0,0
"894",-23.8691,162.3485,0,7064.1796,972.5928561,0,0,0
"895",-23.8667,162.3655,0,0,699.8849001,0,0,0
"896",-23.8643,162.3813,629.7350681,0,1259.470136,0,0,0
"897",-23.212,166.6269,0,9357.02,0,0,0,0
"898",-23.2089,166.6428,0,0,0,0,0,0
"899",-23.2058,166.6593,0,0,0,0,0,0
"900",-21.7654,170.6294,0,9566.16,624.3445327,0,0,0
"901",-21.7565,170.6449,551.2172708,814.51,2756.086354,0,0,0
"902",-21.7469,170.6615,0,17257.5,4445.956504,0,0,0
"903",-18.5685,176.5024,828.7385623,4082.42,16574.77125,0,0,0
"904",-18.5777,176.4901,0,81019.16,2357.630945,0,0,0
"905",-18.5851,176.4799,0,287.29,834.819495,0,0,0
"906",-19.9823,174.9867,0,0,2226.812488,0,0,0
"907",-19.9931,174.9779,0,0,752.0253094,0,0,0
"908",-20.0037,174.9692,0,51079.91361,0,0,0,0
"909",-21.2832,173.5759,0,0,0,0,0,0
"910",-21.2887,173.5634,0,0,0,0,0,0
"911",-21.2977,173.5556,0,13494.2141,0,0,0,0
"912",-22.5974,172.1044,0,1313.45,1287.819084,0,0,0
"913",-22.6026,172.0898,0,0,2188.17295,0,0,0
"914",-22.6078,172.0762,0,32801.28,701.4275926,0,0,0
"915",-23.7533,170.5329,0,0,0,0,0,0
"916",-23.7615,170.5216,0,0,0,0,0,0
"917",-23.7698,170.5103,0,0,0,0,0,0
"918",-25.0757,168.7064,0,0,1412.72461,0,0,0
"919",-25.0842,168.6944,0,0,0,0,0,0
"920",-25.0929,168.6825,0,0,0,0,0,0
"921",-26.289,167.0086,0,0,711.5258493,0,0,0
"922",-26.2961,166.9962,0,0,764.5316946,0,0,0
"923",-26.3028,166.9834,0,0,0,0,0,0
"924",-27.5323,165.1923,0,0,0,0,0,0
"925",-27.5442,165.1843,0,0,1407.8233,0,0,0
"926",-27.5561,165.1763,0,0,697.1567317,0,0,0
"927",-35.649,155.0695,0,0,0,0,0,0
"928",-35.6615,155.0586,0,0,0,0,0,0
"929",-35.6732,155.0482,0,0,0,0,0,0
"930",-37.3779,153.5364,0,479454.6436,0,0,0,0
"931",-37.3894,153.526,688.9054233,0,2066.71627,0,0,0
"932",-37.4107,153.5144,927.7217263,0,927.7217263,0,0,0
"933",-42.286,148.9709,0,65449.31,918.4880556,0,0,0
"934",-42.2972,148.9603,0,0,922.2600804,0,0,0
"935",-42.3087,148.9488,0,0,0,0,0,0
"936",-42.8277,148.448,0,0,825.8437229,0,0,0
"937",-42.8371,148.4349,0,16016.88,1525.019943,0,0,0
"938",-42.8448,148.4211,0,244566.94,0,0,0,0
"939",-16.5692,145.7482,0,2146.25,0,0,0,0
"940",-16.5523,145.7586,1240.887064,34209.25747,413.6290215,0,0,0
"941",-16.5347,145.7419,0,556.0362956,0,0,0,0
"942",-15.0181,145.3881,0,24616.74,0,0,0,0
"943",-14.9985,145.3829,0,54508.06,1293.034172,0,0,0
"944",-14.9792,145.3785,0,1179.83,1448.436716,0,0,0
"945",-13.6473,144.0824,0,25655.84,0,0,0,0
"946",-13.632,144.0713,0,6919.37,478.3052248,0,0,0
"947",-13.6168,144.0593,0,1923.81,0,0,0,0
"948",-12.0222,143.2742,559.8892589,0,1119.778518,0,0,0
"949",-12.0031,143.2817,0,3400.01,717.5883372,0,0,0
"950",-11.9875,143.2887,940.0792313,828.7385623,0,0,0,0
"951",-10.7537,142.3313,0,47068.59,437.5460613,0,0,0
"952",-10.7735,142.3012,446.4685254,0,0,0,0,0
"953",-10.7849,142.2847,0,0,460.8740666,0,0,0
"954",-12.2716,141.6273,0,1409.69,1398.361531,0,0,0
"955",-12.2862,141.6233,0,7432.92,1040.173553,0,0,0
"956",-12.3042,141.6185,0,0,451.0290232,0,0,0
"957",-15.4937,141.0434,0,0,0,0,0,0
"958",-15.5085,141.0408,0,871.9486,0,0,0,0
"959",-15.5245,141.0381,0,0,0,0,0,0
"960",-17.0539,140.7762,0,0,0,0,0,0
"961",-17.0659,140.7736,0,0,0,0,0,0
"962",-17.0782,140.7713,0,0,0,0,0,0
"963",-18.6526,119.489,0,138304.02,1373.467365,0,0,0
"964",-18.6584,119.4751,0,82359.48,557.0618955,0,0,0
"965",-18.6598,119.4604,0,0,0,0,0,0
"966",-18.8643,118.6698,0,0,2488.256493,0,0,0
"967",-18.8687,118.652,0,8191.38,555.278516,0,0,0
"968",-18.8747,118.6334,0,0,534.6602726,0,0,0
"969",-18.9851,118.2031,0,3183.82,1648.310085,0,0,0
"970",-18.99,118.1841,568.0128653,0,1136.025731,0,0,0
"971",-18.9954,118.1656,0,8328.02,571.9822673,0,0,0
"972",-19.1099,117.718,0,0,0,0,0,0
"973",-19.1137,117.6992,0,92122.13225,0,0,0,0
"974",-19.1174,117.6814,0,194.67,0,0,0,0
"975",-19.43,115.9255,0,4561.04,0,0,0,0
"976",-19.4288,115.9437,0,88723.44,0,0,0,0
"977",-19.4277,115.961,0,44996.4,674.714884,0,0,0
"978",-20.0612,116.3759,553.4831471,62482.95,2767.415735,0,0,0
"979",-20.0659,116.3518,0,59515.24,3115.680027,0,0,0
"980",-20.0718,116.337,2885.341799,38357.52,5193.615238,0,0,0
"981",-20.3179,115.6619,0,29563.75,649.6573783,0,0,0
"982",-20.3236,115.6446,0,0,1244.970535,0,0,0
"983",-20.3294,115.6287,0,0,654.3058088,0,0,0
"984",-19.7933,115.982,0,0,1241.917873,0,0,0
"985",-19.8018,115.9652,0,7665.2,1597.061972,0,0,0
"986",-19.8139,115.9477,0,0,496.6453958,0,0,0
"987",-20.3848,115.1297,0,0,0,0,0,0
"988",-20.3983,115.1164,0,0,0,0,0,0
"989",-20.4033,115.1027,0,13405.52,0,0,0,0
"990",-21.8401,113.9183,0,0,4732.667779,0,0,0
"991",-21.8302,113.9318,0,13316.44144,644.3273628,0,0,0
"992",-21.819,113.9455,0,46825.15337,0,0,0,0
"993",-21.20236,115.47262,0,0,587.2958746,0,0,0
"994",-21.1987,115.4921,556.0362956,82044.72,0,0,0,0
"995",-21.19058,115.50976,0,82179.24,0,0,0,0
"996",-19.9658,117.09446,623.3336121,95605.29,0,0,0,0
"997",-19.95094,117.10174,0,0,0,0,0,0
"998",-19.93632,117.10944,0,96946.47,1880.021181,0,0,0
"999",-18.73008,118.74132,562.5848734,3303.52,562.5848734,0,0,0
"1000",-18.71774,118.75362,0,2829.79,2485.012665,0,0,0
"1001",-18.70528,118.76482,0,1282.41,3158.533094,0,0,0
"1002",-17.66304,120.13186,33316.95169,15427.34,39436.3918,0,0,0
"1003",-17.65406,120.14442,4178.738309,68493.52052,5571.651078,0,0,0
"1004",-17.64606,120.1562,0,9799.58,1261.01795,0,0,0
"1005",-15.21086,123.32366,0,0,1543.106339,0,0,0
"1006",-15.20236,123.33308,0,0,0,0,0,0
"1007",-15.19432,123.34406,0,0,0,0,0,0
"1008",-14.2914,124.78106,0,0,0,0,0,0
"1009",-14.2834,124.7901,0,0,0,0,0,0
"1010",-14.27502,124.80036,0,0,783.9731771,0,0,0
"1011",-13.74612,127.598,1241.15444,940.0792313,620.5772202,0,0,0
"1012",-13.7412,127.61308,0,0,0,0,0,0
"1013",-13.73608,127.62774,0,0,0,0,0,0
"1014",-12.82344,129.38588,0,0,0,0,0,0
"1015",-12.81908,129.40024,0,0,0,0,0,0
"1016",-12.81448,129.41546,0,0,0,0,0,0
"1017",-12.41396,130.15976,0,0,0,0,0,0
"1018",-12.40858,130.16886,0,0,0,0,0,0
"1019",-12.40386,130.1783,0,0,0,0,0,0
"1020",-34.4496,172.5043,0,0,0,0,0,0
"1021",-34.6558,173.9083,0,0,0,0,0,0
"1022",-34.8568,171.9522,0,0,0,0,0,0
"1023",-37.3198,168.4993,0,0,0,0,0,0
"1024",-37.5657,168.1478,0,0,0,0,0,0
"1025",-38.9872,165.499,0,0,0,0,0,0
"1026",-39.0537,165.0963,0,0,0,0,0,0
"1027",-40.3355,157.595,0,0,0,0,0,0
"1028",-40.473,156.6113,0,0,0,0,0,0
"1029",-42.21732,150.25362,0,0,0,0,0,0
"1030",-43.2618,145.2735,0,0,0,0,0,0
"1031",-42.9225,144.995,0,0,0,0,0,0
"1032",-40.2843,143.3303,0,0,0,0,0,0
"1033",-39.6825,143.0513,0,0,0,0,0,0
"1034",-36.11239,136.37078,0,0,0,0,0,0
"1035",-35.2483,129.63401,0,0,0,0,0,0
"1036",-35.16579,128.73051,0,0,0,0,0,0
"1037",-34.84715,124.57503,0,0,0,0,0,0
"1038",-34.89346,120.53515,0,0,0,0,0,0
"1039",-35.08045,119.67864,0,0,0,0,0,0
"1040",-35.40674,116.33919,0,0,0,0,0,0
"1041",-41.11255,148.8108,0,0,0,0,0,0
"1042",-38.32631,149.77182,0,0,0,0,0,0
"1043",-17.60089,177.43507,0,0,0,0,0,0
"1044",-17.9528,177.16267,0,0,0,0,0,0
"1045",-18.24831,176.84593,0,0,0,0,0,0
"1046",-20.68344,174.22649,0,0,0,0,0,0
"1047",-23.23448,171.24417,0,0,0,0,0,0
"1048",-23.57069,170.78352,0,0,0,0,0,0
"1049",-36.40947,154.39938,0,0,0,0,0,0
"1050",-42.74854,148.52848,0,0,0,0,0,0
"1051",-21.1825,115.52476,0,0,0,0,0,0
"1052",-19.92376,117.1168,0,0,0,0,0,0
"1053",42.9905,6.4062,0,0,0,0,0,0
"1054",42.9885,6.4672,0,0,0,0,0,0
"1055",42.9862,6.4991,0,0,0,0,0,0
"1056",42.9768,6.5611,0,0,0,0,0,0
"1057",42.9666,6.6219,0,0,0,0,0,0
"1058",43.1411,6.973,0,0,0,0,0,0
"1059",43.1783,7.0104,0,0,0,0,0,0
"1060",43.2166,7.0478,0,0,0,0,0,0
"1061",43.2553,7.0859,0,0,0,0,0,0
"1062",43.2941,7.1243,0,0,0,0,0,0
"1063",43.3317,7.1611,0,0,0,0,0,0
"1064",43.369,7.1959,0,0,0,0,0,0
"1065",43.3928,7.1651,0,0,0,0,0,0
"1066",43.4076,7.0842,0,0,0,0,0,0
"1067",43.4216,7.0155,0,0,0,0,0,0
"1068",43.3823,6.9233,0,0,0,0,0,0
"1069",43.3787,6.9794,0,0,0,0,0,0
"1070",43.3758,7.0368,0,0,0,0,0,0
"1071",43.3738,7.0925,0,0,0,0,0,0
"1072",43.3722,7.1514,0,0,0,0,0,0
"1073",43.37,7.2031,0,0,0,0,0,0
"1074",43.3742,7.2676,0,0,0,0,0,0
"1075",43.3768,7.3375,0,0,0,0,0,0
"1076",43.3649,7.3069,0,0,0,0,0,0
"1077",43.3479,7.2387,0,0,0,0,0,0
"1078",43.3303,7.1696,0,0,0,0,0,0
"1079",43.3137,7.1019,0,0,0,0,0,0
"1080",43.2682,6.8859,0,0,0,0,0,0
"1081",43.3027,6.9248,0,0,0,0,0,0
"1082",43.3138,6.9668,0,0,0,0,0,0
"1083",43.3481,6.9982,0,0,0,0,0,0
"1084",43.3839,7.0298,0,0,0,0,0,0
"1085",43.6879,7.4692,0,0,0,0,0,0
"1086",43.6478,7.4976,0,0,0,0,0,0
"1087",43.5176,7.5261,0,0,0,0,0,0
"1088",43.504,7.4613,0,0,0,0,0,0
"1089",43.4819,7.0825,0,0,0,0,0,0
"1090",43.461,7.1332,0,0,0,0,0,0
"1091",43.4386,7.1908,0,0,0,0,0,0
"1092",43.4162,7.2492,0,0,0,0,0,0
"1093",43.3958,7.305,0,0,0,0,0,0
"1094",43.3766,7.36,0,0,0,0,0,0
"1095",43.3579,7.4172,0,0,0,0,0,0
"1096",43.3265,7.4256,0,0,0,0,0,0
"1097",43.305,7.376,0,0,0,0,0,0
"1098",43.2652,7.3481,0,0,0,0,0,0
"1099",43.2194,7.368,0,0,0,0,0,0
"1100",43.1742,7.3873,0,0,0,0,0,0
"1101",43.1289,7.4073,0,0,0,0,0,0
"1102",43.0842,7.4281,0,0,0,0,0,0
"1103",43.0392,7.4493,0,0,0,0,0,0
"1104",42.9986,7.4472,0,0,0,0,0,0
"1105",42.9712,7.3914,0,0,0,0,0,0
"1106",42.8987,7.227,0,0,0,0,0,0
"1107",42.9062,7.1523,0,0,0,0,0,0
"1108",42.9132,7.0773,0,0,0,0,0,0
"1109",42.9216,6.9997,0,0,0,0,0,0
"1110",42.9304,6.9225,0,0,0,0,0,0
"1111",42.9398,6.8491,0,0,0,0,0,0
"1112",42.9471,6.7724,0,0,0,0,0,0
"1113",42.954,6.6971,0,0,0,0,0,0
"1114",42.9649,6.6231,0,0,0,0,0,0
"1115",42.9631,6.2806,0,0,0,0,0,0
"1116",42.9187,6.2976,0,0,0,0,0,0
"1117",42.8727,6.3134,0,0,0,0,0,0
"1118",42.8299,6.3317,0,0,0,0,0,0
"1119",42.7873,6.3521,0,0,0,0,0,0
"1120",42.7537,6.3406,0,0,0,0,0,0
"1121",42.7113,6.3663,0,0,0,0,0,0
"1122",42.7248,6.3048,0,0,0,0,0,0
"1123",42.7204,6.2448,0,0,0,0,0,0
"1124",42.7137,6.1843,0,0,0,0,0,0
"1125",42.7053,6.1234,0,0,0,0,0,0
"1126",42.7066,6.0727,0,0,0,0,0,0
"1127",42.7067,6.0662,0,0,0,0,0,0
"1128",42.7324,6.0058,0,0,0,0,0,0
"1129",42.7582,5.9445,0,0,0,0,0,0
"1130",42.8051,5.7427,0,0,0,0,0,0
"1131",42.7922,5.6725,0,0,0,0,0,0
"1132",42.7786,5.6068,0,0,0,0,0,0
"1133",42.7651,5.543,0,0,0,0,0,0
"1134",42.8378,5.4744,0,0,0,0,0,0
"1135",42.8405,5.4115,0,0,0,0,0,0
"1136",42.845,5.3446,0,0,0,0,0,0
"1137",42.8498,5.2777,0,0,0,0,0,0
"1138",42.8404,5.2511,0,0,0,0,0,0
"1139",42.8137,5.2937,0,0,0,0,0,0
"1140",42.7216,6.6075,0,0,0,0,0,0
"1141",42.6823,6.6507,0,0,0,0,0,0
"1142",42.6429,6.6922,0,0,0,0,0,0
"1143",42.6037,6.7353,0,0,0,0,0,0
"1144",42.5619,6.7852,0,0,0,0,0,0
"1145",42.5213,6.8333,0,0,0,0,0,0
"1146",42.4799,6.8805,0,0,0,0,0,0
"1147",42.4273,6.8634,0,0,0,0,0,0
"1148",42.3966,6.9111,0,0,0,0,0,0
"1149",42.3662,6.9605,0,0,0,0,0,0
"1150",42.3355,7.0105,0,0,0,0,0,0
"1151",42.3554,7.0568,0,0,0,0,0,0
"1152",42.4042,7.0723,0,0,0,0,0,0
"1153",42.4532,7.088,0,0,0,0,0,0
"1154",42.4583,7.0912,0,0,0,0,0,0
"1155",42.5102,7.1122,0,0,0,0,0,0
"1156",42.563,7.13,0,0,0,0,0,0
"1157",43.313,7.4368,0,0,0,0,0,0
"1158",43.335,7.4295,0,0,0,0,0,0
"1159",43.325,7.4076,0,0,0,0,0,0
"1160",43.3158,7.3877,0,0,0,0,0,0
"1161",43.3184,7.3693,0,0,0,0,0,0
"1162",43.3303,7.3485,0,0,0,0,0,0
"1163",43.357,7.3208,0,0,0,0,0,0
"1164",43.3905,7.3559,0,0,0,0,0,0
"1165",43.4246,7.3911,0,0,0,0,0,0
"1166",43.4596,7.427,0,0,0,0,0,0
"1167",43.4948,7.4633,0,0,0,0,0,0
"1168",43.5311,7.5041,0,0,0,0,0,0
"1169",43.5649,7.5454,0,0,0,0,0,0
"1170",43.5359,7.5852,0,0,0,0,0,0
"1171",43.5018,7.6253,0,0,0,0,0,0
"1172",43.4995,7.628,0,0,0,0,0,0
"1173",43.4688,7.6655,0,0,0,0,0,0
"1174",43.4375,7.7083,0,0,0,0,0,0
"1175",43.4065,7.7559,0,0,0,0,0,0
"1176",43.3838,7.7373,0,0,0,0,0,0
"1177",43.4894,7.2869,0,0,0,0,0,0
"1178",43.4582,7.332,0,0,0,0,0,0
"1179",43.2891,7.8605,0,0,0,0,0,0
"1180",43.3358,7.8405,0,0,0,0,0,0
"1181",43.3525,7.7999,0,0,0,0,0,0
"1182",43.3547,7.7943,0,0,0,0,0,0
"1183",43.3685,7.7312,0,0,0,0,0,0
"1184",43.3823,7.6682,0,0,0,0,0,0
"1185",43.3952,7.6086,0,0,0,0,0,0
"1186",43.2185,7.1313,0,0,0,0,0,0
"1187",43.1615,7.1207,0,0,0,0,0,0
"1188",43.106,7.0028,0,0,0,0,0,0
"1189",43.0875,6.9366,0,0,0,0,0,0
"1190",43.0845,6.8889,0,0,0,0,0,0
"1191",43.1203,6.8908,0,0,0,0,0,0
"1192",42.9556,6.3888,0,0,0,0,0,0
"1193",42.9199,6.4251,0,0,0,0,0,0
"1194",42.884,6.4619,0,0,0,0,0,0
"1195",42.85,6.4991,0,0,0,0,0,0
"1196",42.8152,6.5385,0,0,0,0,0,0
"1197",42.7762,6.5795,0,0,0,0,0,0
"1198",42.7375,6.6205,0,0,0,0,0,0
"1199",42.7221,6.6282,0,0,0,0,0,0
"1200",42.6849,6.67,0,0,0,0,0,0
"1201",42.6479,6.7141,0,0,0,0,0,0
"1202",42.6082,6.7565,0,0,0,0,0,0
"1203",42.5664,6.8016,0,0,0,0,0,0
"1204",42.5223,6.8477,0,0,0,0,0,0
"1205",42.4768,6.8925,0,0,0,0,0,0
"1206",42.4308,6.9368,0,0,0,0,0,0
"1207",42.3846,6.98,0,0,0,0,0,0
"1208",42.2182,7.1246,0,0,0,0,0,0
"1209",42.2524,7.1444,0,0,0,0,0,0
"1210",42.2818,7.1869,0,0,0,0,0,0
"1211",42.3017,7.2346,0,0,0,0,0,0
"1212",42.3368,7.2854,0,0,0,0,0,0
"1213",42.3713,7.3383,0,0,0,0,0,0
"1214",42.4049,7.3917,0,0,0,0,0,0
"1215",42.423,7.4204,0,0,0,0,0,0
"1216",42.4691,7.4467,0,0,0,0,0,0
"1217",42.5158,7.466,0,0,0,0,0,0
"1218",42.5602,7.4814,0,0,0,0,0,0
"1219",42.603,7.4931,0,0,0,0,0,0
"1220",42.6372,7.4498,0,0,0,0,0,0
"1221",42.6429,7.4316,0,0,0,0,0,0
"1222",42.6754,7.3863,0,0,0,0,0,0
"1223",42.7086,7.3392,0,0,0,0,0,0
"1224",42.7436,7.2917,0,0,0,0,0,0
"1225",42.7804,7.241,0,0,0,0,0,0
"1226",42.8148,7.1937,0,0,0,0,0,0
"1227",42.8466,7.1547,0,0,0,0,0,0
"1228",42.9077,7.0176,0,0,0,0,0,0
"1229",42.9394,6.9721,0,0,0,0,0,0
"1230",42.9659,6.9785,0,0,0,0,0,0
"1231",43.4802,7.1488,0,0,0,0,0,0
"1232",43.4523,7.201,0,0,0,0,0,0
"1233",43.425,7.2542,0,0,0,0,0,0
"1234",43.3988,7.3549,0,0,0,0,0,0
"1235",43.3796,7.3657,0,0,0,0,0,0
"1236",43.342,7.3973,0,0,0,0,0,0
"1237",43.3264,7.4084,0,0,0,0,0,0
"1238",43.2918,7.4489,0,0,0,0,0,0
"1239",43.2647,7.4782,0,0,0,0,0,0
"1240",43.2597,7.4842,0,0,0,0,0,0
"1241",43.2389,7.4307,0,0,0,0,0,0
"1242",43.2261,7.3283,0,0,0,0,0,0
"1243",43.2181,7.2641,0,0,0,0,0,0
"1244",43.1794,7.2457,0,0,0,0,0,0
"1245",43.1582,7.2406,0,0,0,0,0,0
"1246",43.1341,7.2481,0,0,0,0,0,0
"1247",43.1316,7.2457,0,0,0,0,0,0
"1248",43.1306,7.228,0,0,0,0,0,0
"1249",43.1002,7.0739,0,0,0,0,0,0
"1250",43.0876,7.0165,0,0,0,0,0,0
"1251",43.0004,6.9689,0,0,0,0,0,0
"1252",42.9756,6.9302,0,0,0,0,0,0
"1253",42.8281,6.6671,0,0,0,0,0,0
"1254",42.9601,6.384,0,0,0,0,0,0
"1255",42.9208,6.4243,0,0,0,0,0,0
"1256",42.8821,6.4677,0,0,0,0,0,0
"1257",42.8435,6.5119,0,0,0,0,0,0
"1258",42.804,6.5548,0,0,0,0,0,0
"1259",42.7842,6.5759,0,0,0,0,0,0
"1260",42.7429,6.6197,0,0,0,0,0,0
"1261",42.6993,6.6661,0,0,0,0,0,0
"1262",42.6552,6.7107,0,0,0,0,0,0
"1263",42.6148,6.7523,0,0,0,0,0,0
"1264",42.5744,6.7945,0,0,0,0,0,0
"1265",42.5339,6.835,0,0,0,0,0,0
"1266",42.4471,7.2364,0,0,0,0,0,0
"1267",42.4875,7.2792,0,0,0,0,0,0
"1268",42.7759,7.1595,0,0,0,0,0,0
"1269",42.8276,7.1543,0,0,0,0,0,0
"1270",42.8792,7.1483,0,0,0,0,0,0
"1271",42.8982,7.1064,0,0,0,0,0,0
"1272",42.947,7.1078,0,0,0,0,0,0
"1273",42.9961,7.1167,0,0,0,0,0,0
"1274",43.0464,7.1252,0,0,0,0,0,0
"1275",43.0961,7.134,0,0,0,0,0,0
"1276",43.1315,7.1728,0,0,0,0,0,0
"1277",43.1577,7.2286,0,0,0,0,0,0
"1278",43.1838,7.3055,0,0,0,0,0,0
"1279",43.2133,7.3607,0,0,0,0,0,0
"1280",43.249,7.4109,0,0,0,0,0,0
"1281",43.2844,7.4614,0,0,0,0,0,0
"1282",43.3148,7.5044,0,0,0,0,0,0
"1283",43.3169,7.505,0,0,0,0,0,0
"1284",43.3499,7.4565,0,0,0,0,0,0
"1285",43.3845,7.4036,0,0,0,0,0,0
"1286",43.4218,7.3511,0,0,0,0,0,0
"1287",43.4586,7.2983,0,0,0,0,0,0
"1288",43.4971,7.2506,0,0,0,0,0,0
"1289",43.5319,7.2132,0,0,0,0,0,0
"1290",43.2833,7.2148,0,0,0,0,0,0
"1291",43.2625,7.2677,0,0,0,0,0,0
"1292",43.2303,7.312,0,0,0,0,0,0
"1293",43.2148,7.3189,0,0,0,0,0,0
"1294",43.1707,7.3485,0,0,0,0,0,0
"1295",43.1421,7.3691,0,0,0,0,0,0
"1296",43.0973,7.3991,0,0,0,0,0,0
"1297",43.0498,7.4336,0,0,0,0,0,0
"1298",43.0357,7.4455,0,0,0,0,0,0
"1299",42.9909,7.4775,0,0,0,0,0,0
"1300",42.9433,7.51,0,0,0,0,0,0
"1301",42.5077,8.5175,0,0,0,0,0,0
"1302",42.5503,8.5381,0,0,0,0,0,0
"1303",42.5954,8.5611,0,0,0,0,0,0
"1304",42.6254,8.5903,0,0,0,0,0,0
"1305",42.659,8.622,0,0,0,0,0,0
"1306",42.6875,8.6559,0,0,0,0,0,0
"1307",42.7322,8.6562,0,0,0,0,0,0
"1308",42.7802,8.6577,0,0,0,0,0,0
"1309",43.1057,8.4006,0,0,0,0,0,0
"1310",43.1319,8.3614,0,0,0,0,0,0
"1311",43.1744,8.2867,0,0,0,0,0,0
"1312",43.1455,8.3267,0,0,0,0,0,0
"1313",43.1504,8.3234,0,0,0,0,0,0
"1314",43.1147,8.283,0,0,0,0,0,0
"1315",43.0845,8.2461,0,0,0,0,0,0
"1316",43.0778,8.2392,0,0,0,0,0,0
"1317",43.0451,8.1972,0,0,0,0,0,0
"1318",43.0126,8.155,0,0,0,0,0,0
"1319",42.983,8.1088,0,0,0,0,0,0
"1320",42.9871,8.0514,0,0,0,0,0,0
"1321",42.9916,8.0362,0,0,0,0,0,0
"1322",43.0153,7.9722,0,0,0,0,0,0
"1323",43.0697,7.8547,0,0,0,0,0,0
"1324",43.0937,7.8108,0,0,0,0,0,0
"1325",43.1044,7.758,0,0,0,0,0,0
"1326",43.1074,7.6936,0,0,0,0,0,0
"1327",43.1117,7.6359,0,0,0,0,0,0
"1328",43.129,7.6476,0,0,0,0,0,0
"1329",43.1261,7.5947,0,0,0,0,0,0
"1330",43.1243,7.5309,0,0,0,0,0,0
"1331",43.1231,7.4665,0,0,0,0,0,0
"1332",42.8558,6.78,0,0,0,0,0,0
"1333",42.8816,6.817,0,0,0,0,0,0
"1334",42.9027,6.8557,0,0,0,0,0,0
"1335",42.9213,6.899,0,0,0,0,0,0
"1336",42.9387,6.9428,0,0,0,0,0,0
"1337",42.9586,6.9855,0,0,0,0,0,0
"1338",42.9794,7.0302,0,0,0,0,0,0
"1339",42.9917,7.0385,0,0,0,0,0,0
"1340",43.0248,7.0553,0,0,0,0,0,0
"1341",43.0652,7.0794,0,0,0,0,0,0
"1342",43.0987,7.1011,0,0,0,0,0,0
"1343",43.13,7.0893,0,0,0,0,0,0
"1344",43.166,7.1225,0,0,0,0,0,0
"1345",43.1929,7.1474,0,0,0,0,0,0
"1346",43.2291,7.1791,0,0,0,0,0,0
"1347",42.869,6.8281,0,0,0,0,0,0
"1348",42.8592,6.7719,0,0,0,0,0,0
"1349",42.8443,6.7002,0,0,0,0,0,0
"1350",42.8334,6.6472,0,0,0,0,0,0
"1351",42.8295,6.6149,0,0,0,0,0,0
"1352",42.816,6.5505,0,0,0,0,0,0
"1353",42.8043,6.4864,0,0,0,0,0,0
"1354",42.8052,6.4729,0,0,0,0,0,0
"1355",42.7886,6.4135,0,0,0,0,0,0
"1356",42.7711,6.3518,0,0,0,0,0,0
"1357",42.7224,6.3477,0,0,0,0,0,0
"1358",42.7152,6.2861,0,0,0,0,0,0
"1359",42.7177,6.2346,0,0,0,0,0,0
"1360",42.7135,6.242,0,0,0,0,0,0
"1361",42.7124,6.2366,0,0,0,0,0,0
"1362",42.6689,6.2099,0,0,0,0,0,0
"1363",42.6242,6.1877,0,0,0,0,0,0
"1364",42.5771,6.1667,0,0,0,0,0,0
"1365",42.5308,6.1469,0,0,0,0,0,0
"1366",42.4889,6.1252,0,0,0,0,0,0
"1367",42.5075,6.062,0,0,0,0,0,0
"1368",42.5208,6.0127,0,0,0,0,0,0
"1369",42.5344,5.9581,0,0,0,0,0,0
"1370",42.5465,5.9037,0,0,0,0,0,0
"1371",42.5783,5.8943,0,0,0,0,0,0
"1372",42.6222,5.9167,0,0,0,0,0,0
"1373",42.6668,5.9359,0,0,0,0,0,0
"1374",42.7026,5.9638,0,0,0,0,0,0
"1375",42.7909,5.97,0,0,0,0,0,0
"1376",42.7692,6.016,0,0,0,0,0,0
"1377",42.7445,6.0658,0,0,0,0,0,0
"1378",42.7228,6.1109,0,0,0,0,0,0
"1379",42.7162,6.163,0,0,0,0,0,0
"1380",42.733,6.2193,0,0,0,0,0,0
"1381",42.7502,6.2723,0,0,0,0,0,0
"1382",42.8018,6.2844,0,0,0,0,0,0
"1383",42.7869,6.3252,0,0,0,0,0,0
"1384",42.7834,6.3352,0,0,0,0,0,0
"1385",42.7869,6.3608,0,0,0,0,0,0
"1386",42.7962,6.3984,0,0,0,0,0,0
"1387",42.8002,6.4467,0,0,0,0,0,0
"1388",42.9567,6.3819,0,0,0,0,0,0
"1389",42.9189,6.4214,0,0,0,0,0,0
"1390",42.8812,6.4591,0,0,0,0,0,0
"1391",42.8458,6.4975,0,0,0,0,0,0
"1392",42.8094,6.5434,0,0,0,0,0,0
"1393",42.7707,6.589,0,0,0,0,0,0
"1394",42.7301,6.6333,0,0,0,0,0,0
"1395",42.6914,6.6768,0,0,0,0,0,0
"1396",42.6435,6.7765,0,0,0,0,0,0
"1397",42.5963,6.814,0,0,0,0,0,0
"1398",42.3706,7.0491,0,0,0,0,0,0
"1399",42.3308,7.0804,0,0,0,0,0,0
"1400",42.7634,5.9933,0,0,0,0,0,0
"1401",42.7725,5.9231,0,0,0,0,0,0
"1402",42.781,5.8522,0,0,0,0,0,0
"1403",43.0688,5.6485,0,0,0,0,0,0
"1404",43.059,5.5825,0,0,0,0,0,0
"1405",43.048,5.5169,0,0,0,0,0,0
"1406",43.0366,5.4497,0,0,0,0,0,0
"1407",42.8503,5.0289,0,0,0,0,0,0
"1408",42.8129,4.9912,0,0,0,0,0,0
"1409",42.7914,4.9692,0,0,0,0,0,0
"1410",42.787,4.9657,0,0,0,0,0,0
"1411",42.765,4.9641,0,0,0,0,0,0
"1412",42.7168,4.9599,0,0,0,0,0,0
"1413",42.6713,4.9571,0,0,0,0,0,0
"1414",42.6302,4.9825,0,0,0,0,0,0
"1415",42.5913,5.021,0,0,0,0,0,0
"1416",42.551,5.0521,0,0,0,0,0,0
"1417",42.5108,5.0858,0,0,0,0,0,0
"1418",42.8956,5.7201,0,0,0,0,0,0
"1419",42.8864,5.7795,0,0,0,0,0,0
"1420",42.8828,5.8034,0,0,0,0,0,0
"1421",42.9181,5.8333,0,0,0,0,0,0
"1422",42.9479,5.8634,0,0,0,0,0,0
"1423",42.953,5.8608,0,0,0,0,0,0
"1424",42.9344,5.8998,0,0,0,0,0,0
"1425",42.9151,5.9431,0,0,0,0,0,0
"1426",42.8977,5.9898,0,0,0,0,0,0
"1427",-33.91373,18.32366,0,0,103.8,0,0,993.2
"1428",-34.49938,16.87964,0,0,0.8,0,0,6.5
"1429",-34.49984,13.76818,0,0,0.7,0,0,8.5
"1430",-34.49984,12.62936,0,0,2.4,0,0,12.1
"1431",-34.49989,8.12729,0,0,1.3,0,0,48.2
"1432",-34.49988,3.39423,0,0,6.9,0,0,48.5
"1433",-34.49991,2.74447,0,0,0,0,0,0
"1434",-34.646,-0.6988,0,0,2.9,0,0,44.2
"1435",-34.79798,-1.42273,0,0,1.7,0,0,56.8
"1436",-34.94604,-2.1313,0,0,1.2,0,0,35.8
"1437",-35.05531,-2.65528,0,0,1.2,0,0,20
"1438",-35.93871,-6.91813,0,0,0.7,0,0,14.1
"1439",-36.10068,-7.70317,0,0,0.7,0,0,14.2
"1440",-36.26094,-8.48535,0,0,2,0,0,28.5
"1441",-37.42253,-12.45763,0,0,0,0,0,0
"1442",-38.20082,-11.76133,0,0,0,0,0,0
"1443",-37.044,-12.24053,0,0,0.8,0,0,7.5
"1444",-36.70655,-8.46407,0,0,0,0,0,0
"1445",-36.64443,-7.75228,0,0,0,0,0,0
"1446",-36.5823,-7.03993,0,0,1.9,0,0,56.4
"1447",-36.52352,-6.3653,0,0,2.1,0,0,38.4
"1448",-36.45125,-5.53883,0,0,0,0,0,0
"1449",-36.14312,-2.01792,0,0,2.3,0,0,41.7
"1450",-36.08763,-1.3876,0,0,0.9,0,0,21.2
"1451",-36.0315,-0.74833,0,0,1.8,0,0,18.1
"1452",-35.95563,-0.05777,0,0,3.9,0,0,67.1
"1453",-35.87962,0.62362,0,0,1.6,0,0,21.8
"1454",-35.28493,5.91343,0,0,5.1,0,0,58.1
"1455",-35.1912,6.74365,0,0,3.2,0,0,23.3
"1456",-35.11448,7.42248,0,0,4.9,0,0,82.3
"1457",-35.03627,8.11363,0,0,4.6,0,0,121.8
"1458",-34.95728,8.79605,0,0,6,0,0,87.3
"1459",-34.42727,13.47423,0,0,0,0,0,0
"1460",-34.38053,14.05992,0,0,2.6,0,0,17.5
"1461",-34.38365,14.49107,0,0,0,0,0,0
"1462",-34.38713,14.96012,0,0,0.7,0,0,22.4
"1463",-34.39067,15.44115,0,0,2.6,0,0,56.2
"1464",-33.89933,18.28933,0,0,21.2,0,0,134.2
"1465",-34.00005,15.08568,0,0,0,0,0,0
"1466",-34.67058,14.16477,0,0,0,0,0,0
"1467",-35.14128,13.80473,0,0,0,0,0,0
"1468",-37.66145,11.8954,0,0,0,0,0,0
"1469",-38.516,11.22853,0,0,1.3,0,0,29
"1470",-39.13493,10.74698,0,0,0,0,0,0
"1471",-42.42103,8.09428,0,0,0,0,0,0
"1472",-42.91107,7.92398,0,0,0,0,0,0
"1473",-44.76873,6.92065,0,0,0,0,0,0
"1474",-45.27038,6.42957,0,0,0,0,0,0
"1475",-45.79472,5.91123,0,0,0,0,0,0
"1476",-46.09228,5.61492,0,0,0,0,0,0
"1477",-47.84445,3.88835,0,0,0,0,0,0
"1478",-48.2773,3.42655,0,0,0,0,0,0
"1479",-48.6277,3.0318,0,0,0,0,0,0
"1480",-50.15338,1.39888,0,0,0,0,0,0
"1481",-50.67697,0.83325,0,0,0,0,0,0
"1482",-51.10952,0.34228,0,0,0,0,0,0
"1483",-51.36555,0.02163,0,0,0,0,0,0
"1484",-54.0649,0.00025,0,0,0,0,0,0
"1485",-54.88317,0.0032,0,0,0,0,0,0
"1486",-57.73332,0.00242,0,0,0,0,0,0
"1487",-58.76408,0.0015,0,0,0,0,0,0
"1488",-59.48022,0.01178,0,0,0,0,0,0
"1489",-62.01553,0.00498,0,0,0,0,0,0
"1490",-63.101,0.00021,0,0,0,0,0,0
"1491",5.6347,83.1362,1817.5338,0,0,0.0227,0,0
"1492",5.7087,83.7122,1924.1667,0,0,0.0214,1.9883,0
"1493",5.8953,85.0038,0,0,0,0,11.4589,0
"1494",5.9693,85.7022,604.0059,15672.24622,0,0.0302,1.2684,0
"1495",6.1637,86.9385,240.1044,26607.32,0,0.024,0.2401,0
"1496",6.2427,87.6247,436.843,23413.69,0,0.0218,1.4197,0
"1497",6.4225,88.7502,289.0749,84165.76674,0,0.0289,0.0867,0
"1498",6.4692,89.3732,555.2543,32472.93,0,0.0278,8.6064,0
"1499",6.6318,90.5578,871.9486,3428.3,0,0.0291,0.2906,0
"1500",6.5213,91.1412,599.5321,480.95,0,0.02,11.7708,0
"1501",6.4847,92.2643,16339.2599,13741.98,510.6019,1.8892,25.2748,23.5643
"1502",6.4857,92.897,7064.1796,0,441.5112,1.1259,22.8482,25.2324
"1503",6.5455,93.681,5112.1907,45604.35,0,0.5112,0.0682,0
"1504",6.6995,94.1268,773.4083,102593.361,0,0.0258,0.2578,0
"1505",6.854,94.8588,13494.2141,193871.4903,0,5.275,3.6189,0
"1506",6.9277,95.3367,1628.8415,0,0,0.0814,4.1943,0
"1507",7.0105,96.298,1044.9067,12399.01,0,0.2508,2.466,0
"1508",7.2808,96.8997,750.6776,33316.95169,0,0.0188,3.2842,0
"1509",2.3037,101.8536,0,0,2146,0,0,4099.5
"1510",2.4215,101.694,0,0,4390.5,0,0,7939.6
"1511",2.6484,101.3775,0,0,2324.3,0,0,4508.3
"1512",2.8568,100.9803,0,0,1200.7,0,0,3408.3
"1513",3.1583,100.6398,0,0,236.3,0,0,637.6
"1514",3.4716,100.2591,0,0,93.3,0,0,265.4
"1515",5.5069,97.476,0,0,108.1,0,0,480.2
"1516",5.6427,97.027,0,0,110.4,0,0,453.7
"1517",5.7739,96.5858,0,0,135.4,0,0,416.2
"1518",5.9026,96.1541,0,0,78.4,0,0,248
"1519",6.0339,95.713,0,0,2.3,0,0,8.4
"1520",6.1668,95.2768,0,0,4.9,0,0,38.6
"1521",6.9782,92.5532,0,0,4.1,0,0,29
"1522",7.1325,92.0312,0,0,12.6,0,0,55.7
"1523",7.2746,91.5464,0,0,8.4,0,0,17.5
"1524",7.4112,91.072,0,0,3.5,0,0,14.6
"1525",8.7437,89.2574,0,0,2,0,0,15.7
"1526",9.1083,89.1532,0,0,11.9,0,0,38.5
"1527",9.4996,89.042,0,0,5.9,0,0,12.6
"1528",9.928,88.9212,0,0,1.6,0,0,4.1
"1529",10.3648,88.796,0,0,1.7,0,0,3.3
"1530",10.799,88.6758,0,0,0.9,0,0,0.9
"1531",11.8389,88.5981,0,0,0.8,0,0,1.6
"1532",12.2929,88.7153,0,0,3.2,0,0,5.6
"1533",12.7541,88.7501,0,0,1.6,0,0,1.6
"1534",14.8168,89.0953,0,0,5.6,0,0,30.5
"1535",15.2756,89.1725,0,0,1.7,0,0,14.6
"1536",17.47156,89.51016,0,0,17.1,0,0,64.2
"1537",18.016,89.5479,0,0,7.2,0,0,24.2
"1538",17.9407,89.34,0,0,30,0,0,82.4
"1539",18.03,89.6801,0,0,20.5,0,0,49.8
"1540",17.5285,89.6424,0,0,5.9,0,0,23
"1541",16.0351,87.959,0,0,7,0,0,21.8
"1542",16.4799,87.8248,0,0,4.1,0,0,18.2
"1543",16.0355,87.8699,0,0,7.4,0,0,17.5
"1544",15.8782,88.2682,0,0,9.6,0,0,13.6
"1545",15.5013,88.5533,0,0,1.6,0,0,8.2
"1546",15.1337,88.83,0,0,6.7,0,0,13.3
"1547",12.6874,88.7831,0,0,1.3,0,0,3.4
"1548",12.14,88.7046,0,0,1.6,0,0,3.2
"1549",9.39205,89.07423,0,0,1.3,0,0,11.3
"1550",8.84355,89.2881,0,0,2.1,0,0,13.5
"1551",8.2875,89.3885,0,0,0.8,0,0,12.5
"1552",7.8646,89.5398,0,0,1.7,0,0,2.5
"1553",7.4454,89.6913,0,0,1.7,0,0,5
"1554",7.0296,89.8447,0,0,5.5,0,0,32.4
"1555",6.7212,90.0107,0,0,1.6,0,0,3.3
"1556",6.805,91.3838,0,0,0.8,0,0,1.7
"1557",6.7124,91.8258,0,0,0,0,0,0
"1558",6.628,92.2253,0,0,11.1,0,0,79.3
"1559",6.547,92.624,0,0,13.9,0,0,89
"1560",6.461,93.0193,0,0,24.6,0,0,144.9
"1561",6.3811,93.4229,0,0,12.4,0,0,80.4
"1562",5.7471,96.1514,0,0,435.4,0,0,1088.4
"1563",5.6364,96.5635,0,0,61.7,0,0,177.6
"1564",5.5288,96.9558,0,0,215.2,0,0,519.6
"1565",5.4201,97.3536,0,0,297.9,0,0,747.2
"1566",5.2349,97.7096,0,0,280.8,0,0,788.9
"1567",5.0015,98.0552,0,0,165.5,0,0,386.5
"1568",3.2874,100.2856,0,0,94.5,0,0,178
"1569",3.0186,100.6328,0,0,11.5,0,0,55.9
"1570",2.7963,100.9829,0,0,41.6,0,0,114.1
"1571",2.5986,101.3538,0,0,83.9,0,0,250.2
"1572",2.3564,101.6925,0,0,328.9,0,0,614.4
