,Latitude,Longitude
0,19.9432,-64.5649
1,20.2173,-64.3828
2,20.4521,-64.1968
3,21.1293,-63.8333
4,21.473,-63.5899
5,21.7367,-63.4227
6,22.15,-63.1474
7,22.8418,-62.7592
8,24.3576,-62.8129
9,24.3576,-62.8129
10,24.7657,-62.7221
11,25.3751,-62.4785
12,25.5607,-62.4387
13,26.0914,-61.7168
14,29.249,-62.9857
15,29.7453,-63.2167
16,30.5477,-63.7064
17,31.1813,-64.0147
18,31.535,-64.2677
19,31.9644,-64.5448
20,32.32,-64.4322
21,32.079,-64.6316
22,31.5865,-62.7727
23,31.2001,-62.0368
24,30.8735,-61.3126
25,30.073,-58.7081
26,30.073,-58.7081
27,29.6835,-56.6993
28,29.5392,-54.9628
29,29.2797,-53.6117
30,28.907,-51.8931
31,28.7729,-51.0777
32,28.5522,-50.1026
33,35.6729,-35.0237
34,36.2937,-33.3888
35,-23.4996,-39.2757
36,-23.729,-37.4867
37,-23.8868,-36.6933
38,-24.1104,-33.9573
39,-23.0308,-30.8532
40,-22.297,-29.2472
41,-20.8268,-28.2509
42,-19.7983,-27.3385
43,-18.615,-26.1638
44,-17.887,-25.086
45,-16.9837,-23.7325
46,-16.2435,-22.5333
47,-13.9923,-20.739
48,-26.4261,-41.0363
49,-26.3881,-39.9167
50,-26.1893,-38.7646
51,-26.131,-37.5873
52,-25.9968,-36.4999
53,-25.8957,-35.3693
54,-25.801,-34.2127
55,-25.9165,-35.0814
56,-26.0782,-31.973
57,-26.3129,-31.0914
58,-26.4893,-30.029
59,-26.7957,-29.097
60,-26.6971,-28.091
61,-27.3323,-26.8913
62,-27.8835,-25.8982
63,-28.5773,-24.9763
64,-29.5155,-24.6103
65,-29.9658,-23.4819
66,-30.6643,-22.6652
67,-31.2527,-21.7331
68,-31.8705,-20.748
69,-32.5913,-19.948
70,-33.4867,-19.0997
71,-34.0419,-18.1859
72,-34.6048,-17.1887
73,-34.333,-15.9772
74,-34.065,-14.785
75,-33.5729,-13.7057
76,-33.2573,-12.4862
77,-32.9033,-11.3745
78,-32.607,-10.2
79,-32.3348,-9.2109
80,-31.6387,-8.0787
81,-31.9295,-6.989
82,-32.278,-5.9515
83,-32.618,-4.8462
84,-32.835,-3.6837
85,-33.043,-2.4258
86,-33.2157,-1.2692
87,-33.4173,0.0825
88,-33.6215,1.0787
89,-33.82,2.264
90,-34.0253,3.4618
91,-34.1586,4.8587
92,-34.3584,6.2549
93,-34.3065,7.1063
94,-34.0162,9.7782
95,-33.7817,11.3967
96,-17.7225,-5.9518
97,-19.1813,-5.9712
98,-20.8803,-5.9975
99,-22.5407,-6.1887
100,-23.8528,-6.3298
101,-24.3825,-7.267
102,-24.9143,-8.2032
103,-25.3823,-9.2272
104,-25.8243,-10.2767
105,-26.2905,-11.288
106,-26.8388,-12.2565
107,-27.222,-13.266
108,-27.6412,-14.3013
109,-28.032,-15.3368
110,-28.3865,-16.3898
111,-28.832,-17.443
112,-29.1203,-18.5112
113,-29.5068,-19.5708
114,-29.9482,-20.712
115,-30.2798,-21.833
116,-30.5678,-22.9272
117,-30.896,-24.0645
118,-31.1353,-25.223
119,-31.4843,-26.3197
120,-31.6642,-27.5227
121,-31.94,-28.6897
122,-32.4768,-29.7142
123,-32.831,-30.8133
124,-33.2383,-32.0515
125,-33.4538,-33.1737
126,-33.687,-34.342
127,-33.9352,-35.503
128,-34.6837,-36.4507
129,-34.765,-37.5982
130,-34.6662,-38.8243
131,-34.807,-40.0783
132,-34.8687,-41.3467
133,-34.8428,-42.5657
134,-34.9098,-43.8572
135,-35.082,-45.0112
136,-34.9393,-46.2998
137,-35.1497,-47.8308
138,-34.7158,-49.213
139,37.2045,-133.865
140,37.1755,-133.9495
141,38.1515,-137.4531
142,38.6913,-141.772
143,38.6878,-142.0264
144,38.641,-142.2665
145,37.8664,-143.8151
146,36.6822,-144.8449
147,36.5084,-145.0356
148,32.5488,-146.9627
149,32.5205,-147.2988
150,31.5611,-152.6133
151,29.4539,-153.52
152,18.8899,-155.6586
153,18.9173,-155.7009
154,18.9533,-155.7185
155,18.1587,-155.9801
156,19.2407,-155.1751
157,19.6952,-154.3368
158,19.8499,-154.435
159,19.9206,-154.6866
160,19.0713,-155.4457
161,19.0051,-155.5729
162,19.3403,-156.087
163,19.8962,-155.9993
164,19.2901,-156.0478
165,21.6509,-160.5405
166,21.6499,-160.5483
167,22.0117,-160.8771
168,22.0984,-160.9692
169,22.9567,-161.9107
170,23.5707,-164.4812
171,30.1206,-165.4097
172,30.989,-165.4256
173,32.0113,-165.4
174,32.2366,-165.914
175,33.0283,-167.5915
176,33.0118,-167.9233
177,33.0136,-168.1356
178,32.8404,-170.0683
179,32.5552,-169.6959
180,32.2592,-167.992
181,32.5498,-165.8103
182,32.4721,-166.1064
183,33.2827,-164.9998
184,33.7558,-162.7216
185,33.7601,-160.4152
186,34.5145,-157.8488
187,36.1594,-157.5585
188,35.6912,-147.6655
189,35.8771,-132.573
190,35.7633,-138.5103
191,35.7626,-138.7748
192,35.8875,-139.3993
193,35.9653,-139.8182
194,36.0408,-140.3313
195,36.083,-140.7946
196,35.8409,-140.8203
197,35.3814,-141.0245
198,35.0049,-141.4513
199,35.9064,-141.7822
200,34.679,-142.0756
201,25.107,-128.1097
202,24.2205,-128.353
203,23.5677,-130.3722
204,24.6048,-146.387
205,24.5445,-146.4777
206,24.4147,-146.6687
207,24.3578,-146.7665
208,23.567,-160.4192
209,29.301,-162.048
210,29.771,-162.6273
211,30.5422,-163.2292
212,31.3098,-163.994
213,31.6068,-164.2543
214,32.7388,-165.2378
215,34.3688,-169.1825
216,34.3877,-170.019
217,35.0628,-171.635
218,35.002,-171.7438
219,34.9987,-171.8237
220,35.0003,-171.9347
221,34.5922,-172.951
222,34.5387,-176.3967
223,34.4852,-176.4423
224,34.4678,-176.4583
225,34.4452,-176.4782
226,34.4268,-176.4903
227,34.0135,-179.9885
228,34.0515,-179.9942
229,34.1497,-179.9897
230,34.1563,-179.988
231,34.5053,-179.858
232,35.095,-179.9312
233,35.3822,-179.893
234,35.4108,-179.8732
235,36.0995,-179.588
236,36.4778,-179.353
237,37.8532,-179.3768
238,39.2955,-179.7523
239,39.3125,-179.7445
240,40.3088,-178.9072
241,40.492,-178.7088
242,25.6292,-158.9848
243,28.0083,-160.3058
244,26.6528,-160.3025
245,31.1583,-160.2433
246,31.151,-160.1013
247,31.1502,-159.979
248,30.8125,-158.6852
249,31.3132,-158.7325
250,32.005,-159.0086
251,32.4983,-159.92
252,32.5517,-159.9608
253,33.1373,-159.246
254,33.1848,-159.229
255,34.2913,-144.3522
256,34.37,-143.7072
257,34.6675,-142.0818
258,34.9327,-141.896
259,35.007,-141.434
260,35.3843,-141.0217
261,35.841,-140.8242
262,36.074,-140.8297
263,36.0405,-140.3197
264,36.0135,-140.1468
265,35.9848,-139.9853
266,35.9262,-139.7735
267,35.6865,-139.2023
268,34.6502,-142.2878
269,31.5383,-156.8608
270,32.2027,-156.8332
271,39.1247,-156.9162
272,40.2005,-156.707
273,41.0398,-156.2367
274,41.3213,-155.7068
275,41.3388,-155.7317
276,41.2838,-154.2545
277,40.5463,-151.5393
278,40.5133,-150.16
279,40.4037,-148.0525
280,40.2372,-146.2703
281,40.0895,-144.4545
282,40.3673,-140.9322
283,42.0602,-137.5418
284,43.6962,-134.5772
285,14.5523,160.7231
286,15.2175,159.9003
287,15.7937,159.2056
288,16.4507,158.5566
289,17.4912,157.5383
290,17.9596,157.078
291,32.8112,156.4986
292,19.4321,156.1433
293,19.6586,155.1127
294,20.5115,155.1814
295,21.5837,155.3391
296,22.4588,155.2998
297,23.4111,155.2311
298,24.2949,155.0853
299,25.099,154.157
300,25.7062,153.2397
301,26.3517,152.2958
302,27.0833,151.3647
303,27.8482,150.2578
304,28.5588,149.3047
305,29.7272,148.0468
306,33.2582,151.1831
307,32.0859,153.1712
308,31.2728,155.3199
309,30.7313,157.7742
310,30.191,160.4028
311,30.4448,163.3177
312,30.4993,166.0763
313,30.077,168.133
314,29.1979,169.8263
315,29.4129,172.0143
316,28.4783,175.315
317,30.2817,-176.8333
318,31.1333,-174.3002
319,-33.1342,-81.2382
320,-33.1071,-82.387
321,-33.0195,-83.4213
322,-32.9105,-84.4851
323,-32.8038,-86.2393
324,-32.7309,-86.3835
325,-32.5685,-87.4243
326,-32.3817,-88.1103
327,-32.2052,-89.4267
328,-31.978,-90.4108
329,-31.8065,-91.3445
330,-31.5774,-92.3432
331,-31.3878,-93.3457
332,-31.1743,-94.3172
333,-30.9504,-95.3477
334,-30.5732,-96.2025
335,-30.2413,-97.0948
336,-29.8994,-97.9295
337,-29.5605,-98.8063
338,-29.3441,-99.7966
339,-29.1922,-100.739
340,-29.0453,-101.7302
341,-28.8929,-102.5777
342,-28.7311,-103.5486
343,-28.5805,-104.3963
344,-28.33,-105.331
345,-28.1885,-106.3073
346,-27.8781,-107.246
347,-27.5502,-108.0495
348,-27.2818,-108.9362
349,-27.022,-110.9803
350,-26.8718,-111.9128
351,-26.6982,-112.871
352,-26.6027,-113.8575
353,-26.5353,-114.8312
354,-26.3318,-115.7358
355,-26.238,-116.6753
356,-26.1643,-117.5795
357,-26.0652,-118.5125
358,-26.0422,-119.432
359,-25.9512,-120.4278
360,-25.8596,-121.3422
361,-25.5538,-122.2008
362,-25.2705,-123.2543
363,-24.9669,-123.9391
364,-24.6527,-124.7923
365,-24.5847,-125.7344
366,-24.4952,-126.6168
367,-26.5485,106.8701
368,-24.3947,99.5107
369,-24.4876,98.1066
370,-24.4935,96.4434
371,-24.0191,94.8233
372,-21.4145,75.2972
373,-21.2668,72.1455
374,-21.049,68.4367
375,-20.6787,64.942
376,-20.2472,61.6722
377,43.6823,7.699
378,43.7653,8.0349
379,44.1738,8.9859
380,44.2934,9.2035
381,43.8789,9.3394
382,43.2046,8.999
383,42.8895,10.2292
384,42.8428,10.2831
385,42.9838,9.3248
386,42.7337,9.0328
387,42.8743,8.2616
388,42.8568,8.317
389,42.7962,8.4162
390,42.757,8.4698
391,42.7252,8.5102
392,42.6938,8.5717
393,42.6544,8.6121
394,42.6225,8.6588
395,42.6043,8.7248
396,42.8195,8.3553
397,43.2464,8.0701
398,43.5498,8.6342
399,43.4473,8.3581
400,43.0758,6.384
401,43.0032,6.3696
402,43.063,5.8787
403,43.3181,5.1862
404,43.3203,5.1988
405,43.3241,5.1659
406,43.3003,5.246
407,43.2609,4.9354
408,43.0098,4.3971
409,42.8136,3.9276
410,42.5295,3.1341
411,42.4627,3.3037
412,42.3302,3.4784
413,42.2513,3.6462
414,42.2428,8.5225
415,42.3235,8.5842
416,43.5743,7.393
417,-60.3388,-60.5325
418,-63.8753,-56.0937
419,-63.3871,-56.801
420,-57.7642,-67.0034
421,-39.6298,-76.9828
422,-34.1697,-73.0895
423,-33.6899,-72.0005
424,14.5557,160.7487
425,14.5557,160.7487
426,15.7948,159.2038
427,15.7948,159.2038
428,17.4933,157.535
429,19.3057,156.22
430,22.0512,155.4182
431,23.9013,155.2417
432,23.9013,155.2417
433,25.1033,154.1482
434,26.358,152.2792
435,26.7132,151.782
436,27.7877,150.3495
437,27.8875,150.1943
438,27.8875,150.1943
439,30.0408,147.59
440,32.8888,143.7253
441,32.9825,143.425
442,32.9825,143.425
443,32.16,152.46
444,32.04,153.19
445,32.0067,153.3833
446,32.04,153.21
447,31.08,155.33
448,30.58,156.11
449,31.05,155.46
450,30.41,157.51
451,30.4016,158.0191
452,30.39,158.04
453,30.2,158.4217
454,30.12,158.55
455,30.0962,160.0116
456,30.14,160.53
457,30.12,160.39
458,30.1916,161.3383
459,30.1152,160.309
460,30.2556,163.0435
461,30.28,163.59
462,30.2949,164.2165
463,30.3045,166.0915
464,30.3397,166.2189
465,30.33,166.2
466,30.42,166.46
467,29.5845,168.2213
468,29.5261,168.3514
469,29.1,170.03
470,28.55,173.1
471,29.01,172.49
472,29.1514,172.2652
473,29.11,170.31
474,28.34,175.11
475,28.2373,175.2428
476,29.51,179.45
477,30.0095,-178.5613
478,30.04,-178.41
479,30.2152,-176.4467
480,30.25,-176.28
481,30.2856,-176.1427
482,30.3412,-175.5211
483,31.1021,-174.1443
484,31.1517,-174.0432
485,31.2573,-173.469
486,31.3837,-173.2722
487,30.3,-173.04
488,30.546,-172.3667
489,31.0304,-172.2703
490,30.8333,-146.9
491,33.541,-144.916
492,36.25,-142.9333
493,36.45,-137.1667
494,25.6667,-158.0333
495,28.3667,-157.35
496,33.65,-155.1667
497,34.9333,-151.1167
498,36.1167,-147.0333
499,37.4833,-142.1
500,37.85,-138
501,27.5667,-154.2
502,29.7333,-150.6167
503,31.0667,-148.8
504,32.5667,-147.4167
505,34.4333,-145.8167
506,36.5,-144.9
507,37.9667,-143.4833
508,27.5667,-157.3833
509,30.95,-157.35
510,33.4,-156.9333
511,34.5,-153.25
512,35.4167,-149.8833
513,36,-146.3333
514,36.5,-142.0833
515,37.1667,-138.9167
516,37.15,-138.9
517,36.27,-148.5395
518,35.6247,-139.8972
519,35.401,-136.7717
520,22.4217,-159.5167
521,24.6667,-159.4667
522,27.4852,-158.3032
523,32.346,-157.5991
524,33.9533,-155.8267
525,35.8667,-152.5333
526,37.0717,-148.6533
527,36.1333,-142.15
528,35.5483,-139.4417
529,34.8083,-136.82
530,34.5883,-133.7417
531,34.7433,-131.535
532,34.6683,-129.1617
533,31.6442,-158.0152
534,33.1199,-158.1481
535,33.6833,-158.05
536,34.05,-157.9833
537,35.5667,-157.5833
538,35.4167,-157.4
539,34.4279,-155.8867
540,33.885,-155.53
541,33.2667,-154.5
542,33.3667,-154.25
543,32.3608,-152.7967
544,32.3193,-151.3663
545,33.8843,-148.678
546,34.9017,-147.2349
547,35.7317,-146.0215
548,35.593,-141.4937
549,35.1167,-153.1667
550,37.2667,-151.9
551,36.9833,-150.8167
552,36.9,-149.3
553,37.1667,-146.0833
554,34.23,-162.1567
555,40.1867,-162.3583
556,41.8767,-161.3617
557,44.1433,-158.7833
558,27.2333,-156.2833
559,29.05,-155.3667
560,30.8,-153.15
561,32.7,-151.0167
562,37.7667,-144.6333
563,38.2167,-142.4833
564,33.3667,-154.7333
565,33.5167,-154.8833
566,35.2167,-153.2667
567,35.2167,-153.2667
568,36.1,-151.7833
569,32.3333,-155.9333
570,31.6,-157.4333
571,36.2167,-151.5
572,37.1833,-148.6
573,23.25,-157.9833
574,27.1167,-157.0833
575,29.65,-156.0833
576,29.65,-156.0833
577,33.9,-155.0833
578,33.9,-155.0833
579,35.45,-154.5167
580,37.7333,-150.95
581,41.4333,-145.0333
582,41.9833,-143.2167
583,26.3833,-156.9333
584,27.8833,-155.5167
585,29.55,-153.5667
586,31.1167,-151.3333
587,32.7,-149.7333
588,36.25,-146.9333
589,37.6333,-146.0167
590,37.8667,-143.3333
591,38.0833,-141.0167
592,38.1667,-137.6833
593,38.3167,-134.7667
594,38.15,-132.2
595,23.25,-156.8833
596,24.5333,-155.1833
597,26.1167,-153.3167
598,27.8333,-151.3333
599,29.9667,-149.95
600,32.2667,-148.85
601,34.7167,-147.7333
602,36.4,-146.3667
603,36.7167,-143.9167
604,36.75,-141.3
605,36.9,-138.7667
606,37.3167,-135.8333
607,36.55,-148.9833
608,36.6333,-146.6167
609,24.5333,-157.9667
610,28.7167,-156.6833
611,31.5667,-153.5833
612,34.5833,-151.5167
613,37.25,-148.8833
614,39.3333,-147.3167
615,39.2167,-142.85
616,38.8025,-138.6878
617,38.85,-134.1
618,38.5833,-130.1333
619,39.1,-125.3167
620,28.265,-157.4175
621,33.9758,-156.0402
622,36.5049,-155.274
623,37.4767,-156.675
624,37.5417,-152.4833
625,37.5277,-152.2349
626,37.2667,-145.2667
627,31.1333,-159.5167
628,34.1833,-159.1667
629,36.1833,-158.2167
630,29.8167,-156.9667
631,30.9333,-156.5667
632,32.9,-155.6667
633,32.3833,-154.65
634,33.9833,-151.3333
635,35.9833,-148.8167
636,37.3833,-146.0333
637,37.1,-142.0333
638,26.0945,-157.3422
639,36.3092,-150.9315
640,35.775,-149.31
641,32.95,-159.55
642,38.9667,-161.7833
643,40.1167,-162.95
644,43.0667,-160.2667
645,46.65,-151.7167
646,38.0762,-152.3518
647,35.7733,-153.6367
648,37.8873,-149.5742
649,38.0007,-141.9933
650,38.1875,-138.8018
651,36.6393,-128.1462
652,35.7667,-124.5
653,24.3667,-156.1667
654,27.4833,-154.3
655,32.4,-150.9667
656,36.55,-146.5
657,36.1,-142.9
658,35.7,-139.95
659,36,-136.1
660,22.1333,-158.0833
661,22.8333,-158.6667
662,24.25,-156.7833
663,25.5333,-155.5
664,26.6333,-154.1667
665,30.5,-150.4667
666,31.4,-148.1167
667,35.1833,-147.7
668,33.4167,-144.7667
669,33.7167,-139.45
670,33.1667,-136.4333
671,31.5667,-132.3
672,31.5167,-127.8667
673,34.1667,-119.8
674,31.2552,-158.1222
675,31.6334,-156.0684
676,33.0571,-153.8981
677,32.9783,-154.145
678,29.0717,-155.0567
679,30.025,-155.03
680,30.9867,-154.77
681,30.985,-154.235
682,30.775,-152.9033
683,30.67,-152.4833
684,30.6667,-150.885
685,30.9017,-150.44
686,31.49,-149.2467
687,31.9917,-148.9783
688,32.8967,-148.0717
689,33.2733,-147.61
690,34.3983,-146.6683
691,34.765,-146.3617
692,35.225,-144.7883
693,35.3033,-144.2033
694,35.6,-142.135
695,35.4817,-141.5217
696,35.4183,-139.385
697,35.46,-138.7833
698,30.25,-156.6
699,30.5063,-156.3167
700,32.0333,-154.3833
701,33.05,-151.5667
702,34.2513,-149.004
703,35.6333,-146.8333
704,36.7833,-144.8167
705,38.5667,-142.1833
706,21.9037,-157.7995
707,24.9106,-157.4276
708,24.0219,-157.6883
709,27.7333,-157.1167
710,26.8867,-157.1617
711,30.4,-157.0833
712,29.6667,-157.1333
713,32.5083,-156.4917
714,31.8833,-156.7667
715,33.7975,-155.5469
716,34.312,-155.3343
717,35.6339,-154.1437
718,36.1852,-153.2645
719,37.6891,-150.3047
720,37.184,-151.1729
721,39.7213,-147.5733
722,39.156,-148.2517
723,41.2205,-146.6097
724,41.6703,-146.3295
725,5.62,83.003
726,5.661,83.318
727,5.898,85.037
728,6.188,87.27
729,6.17,87.014
730,5.95,85.533
731,5.922,85.258
732,6.448,89.091
733,6.198,87.365
734,6.49,92.054
735,6.613,90.768
736,6.63,90.596
737,6.506,92.351
738,6.497,92.275
739,6.658,93.964
740,6.628,93.857
741,-32.8627,-72.722
742,-32.8038,-73.7013
743,-32.4972,-77.4481
744,-32.3752,-78.5765
745,-32.2974,-79.2926
746,-31.9064,-82.888
747,-31.7669,-84.1668
748,-31.6404,-85.3259
749,-31.1997,-88.6466
750,-31.0447,-89.5242
751,-30.8015,-90.898
752,-30.0226,-94.4413
753,-29.7475,-95.5771
754,-29.4875,-96.5755
755,-28.5743,-99.8404
756,-28.1803,-101.0936
757,-27.8516,-102.1355
758,-26.484,-105.4256
759,-26.6293,-106.5247
760,-27.4284,-108.8627
761,-27.6904,-107.9983
762,-28.7147,-104.5978
763,-29.0015,-103.5481
764,-29.1871,-102.8011
765,-30.0421,-99.3412
766,-30.3117,-98.1671
767,-30.4833,-97.2965
768,-31.0871,-94.2208
769,-31.3323,-92.9653
770,-31.4549,-92.1651
771,-32,-88.4874
772,-32.1755,-87.2985
773,-32.2768,-86.3968
774,-32.6918,-82.3284
775,-32.8067,-81.1763
776,-32.8447,-80.2808
777,-32.9806,-77.0656
778,-33.035,-75.7826
779,-33.0137,-72.0418
780,36.0533,-33.9307
781,35.2107,-33.9168
782,34.4452,-34.4855
783,33.7943,-35.1402
784,33.4238,-35.0883
785,32.6252,-36.4067
786,31.8113,-36.8788
787,30.9254,-37.0622
788,30.0679,-37.1043
789,29.144,-37.2309
790,28.3091,-37.4031
791,27.4098,-37.3969
792,26.5065,-37.3597
793,25.5796,-37.2534
794,26.3333,-37.7217
795,27.1974,-38.1324
796,28.1603,-38.518
797,28.9639,-38.8362
798,29.8048,-39.3083
799,30.6054,-39.6499
800,31.3922,-40.0811
801,32.1936,-40.6542
802,33.0022,-41.2924
803,32.195,-41.6066
804,31.3751,-41.7579
805,30.5189,-42.0936
806,29.695,-42.4807
807,28.849,-42.5947
808,28.0164,-42.8324
809,27.1221,-42.9629
810,26.2599,-43.1399
811,26.8508,-43.773
812,27.5769,-44.3386
813,28.33,-44.9782
814,29.0401,-45.484
815,29.7322,-46.0428
816,30.5454,-46.6554
817,31.2709,-47.178
818,32.0609,-47.6879
819,33.1602,-48.2675
820,-39.3127,163.5895
821,-39.3162,163.5735
822,-39.3195,163.5565
823,-39.9554,160.4171
824,-40.049,160.0994
825,-40.0599,160.1041
826,-40.6377,155.8846
827,-40.6433,155.8671
828,-40.6229,155.9181
829,-41.1361,152.2775
830,-41.1398,152.2646
831,-41.1421,152.2508
832,-43.5753,145.7961
833,-43.57,145.7886
834,-43.5637,145.7829
835,-41.9208,144.5409
836,-41.9183,144.539
837,-41.9157,144.5373
838,-39.0405,142.4134
839,-39.0374,142.4005
840,-39.0338,142.3859
841,-37.8855,139.8236
842,-37.8764,139.8181
843,-37.8677,139.8136
844,-36.0524,135.6864
845,-36.0455,135.6857
846,-36.0362,135.6764
847,-35.4797,132.1763
848,-35.4777,132.1626
849,-35.4756,132.1486
850,-35.0721,127.2582
851,-35.0723,127.2351
852,-35.0729,127.2253
853,-34.6047,121.815
854,-34.6069,121.8093
855,-34.6099,121.797
856,-35.3157,118.62
857,-35.3172,118.6137
858,-35.3183,118.6074
859,-33.1157,114.481
860,-33.12,114.4594
861,-33.1238,114.4373
862,-41.8951,148.4559
863,-41.8806,148.4923
864,-41.8728,148.5091
865,-39.6546,148.8843
866,-39.6467,148.8677
867,-39.6342,148.8566
868,-37.6376,150.3985
869,-37.6223,150.4009
870,-37.608,150.4028
871,-35.4004,150.8417
872,-35.3924,150.8461
873,-35.3842,150.8507
874,-33.8782,152.0069
875,-33.8716,152.0142
876,-33.8659,152.0208
877,-33.1692,152.6955
878,-33.1646,152.7014
879,-33.1609,152.7061
880,-31.0332,153.3714
881,-31.0353,153.3628
882,-31.0353,153.3573
883,-28.3415,153.9219
884,-28.3396,153.9234
885,-28.3363,153.9244
886,-26.7254,153.3785
887,-26.7152,153.3799
888,-26.704,153.3803
889,-24.9128,155.2055
890,-24.9225,155.1969
891,-24.9395,155.1771
892,-23.8691,162.3485
893,-23.8667,162.3655
894,-23.8643,162.3813
895,-23.212,166.6269
896,-23.2089,166.6428
897,-23.2058,166.6593
898,-21.7654,170.6294
899,-21.7565,170.6449
900,-21.7469,170.6615
901,-18.5685,176.5024
902,-18.5777,176.4901
903,-18.5851,176.4799
904,-19.9823,174.9867
905,-19.9931,174.9779
906,-20.0037,174.9692
907,-21.2832,173.5759
908,-21.2887,173.5634
909,-21.2977,173.5556
910,-22.5974,172.1044
911,-22.6026,172.0898
912,-22.6078,172.0762
913,-23.7533,170.5329
914,-23.7615,170.5216
915,-23.7698,170.5103
916,-25.0757,168.7064
917,-25.0842,168.6944
918,-25.0929,168.6825
919,-26.289,167.0086
920,-26.2961,166.9962
921,-26.3028,166.9834
922,-27.5323,165.1923
923,-27.5442,165.1843
924,-27.5561,165.1763
925,-35.649,155.0695
926,-35.6615,155.0586
927,-35.6732,155.0482
928,-37.3779,153.5364
929,-37.3894,153.526
930,-37.4107,153.5144
931,-42.286,148.9709
932,-42.2972,148.9603
933,-42.3087,148.9488
934,-42.8277,148.448
935,-42.8371,148.4349
936,-42.8448,148.4211
937,-16.5692,145.7482
938,-16.5523,145.7586
939,-16.5347,145.7419
940,-15.0181,145.3881
941,-14.9985,145.3829
942,-14.9792,145.3785
943,-13.6473,144.0824
944,-13.632,144.0713
945,-13.6168,144.0593
946,-12.0222,143.2742
947,-12.0031,143.2817
948,-11.9875,143.2887
949,-10.7537,142.3313
950,-10.7735,142.3012
951,-10.7849,142.2847
952,-12.2716,141.6273
953,-12.2862,141.6233
954,-12.3042,141.6185
955,-15.4937,141.0434
956,-15.5085,141.0408
957,-15.5245,141.0381
958,-17.0539,140.7762
959,-17.0659,140.7736
960,-17.0782,140.7713
961,-18.6526,119.489
962,-18.6584,119.4751
963,-18.6598,119.4604
964,-18.8643,118.6698
965,-18.8687,118.652
966,-18.8747,118.6334
967,-18.9851,118.2031
968,-18.99,118.1841
969,-18.9954,118.1656
970,-19.1099,117.718
971,-19.1137,117.6992
972,-19.1174,117.6814
973,-19.43,115.9255
974,-19.4288,115.9437
975,-19.4277,115.961
976,-20.0612,116.3759
977,-20.0659,116.3518
978,-20.0718,116.337
979,-20.3179,115.6619
980,-20.3236,115.6446
981,-20.3294,115.6287
982,-19.7933,115.982
983,-19.8018,115.9652
984,-19.8139,115.9477
985,-20.3848,115.1297
986,-20.3983,115.1164
987,-20.4033,115.1027
988,-21.8401,113.9183
989,-21.8302,113.9318
990,-21.819,113.9455
991,-21.20236,115.47262
992,-21.1987,115.4921
993,-21.19058,115.50976
994,-19.9658,117.09446
995,-19.95094,117.10174
996,-19.93632,117.10944
997,-18.73008,118.74132
998,-18.71774,118.75362
999,-18.70528,118.76482
1000,-17.66304,120.13186
1001,-17.65406,120.14442
1002,-17.64606,120.1562
1003,-15.21086,123.32366
1004,-15.20236,123.33308
1005,-15.19432,123.34406
1006,-14.2914,124.78106
1007,-14.2834,124.7901
1008,-14.27502,124.80036
1009,-13.74612,127.598
1010,-13.7412,127.61308
1011,-13.73608,127.62774
1012,-12.82344,129.38588
1013,-12.81908,129.40024
1014,-12.81448,129.41546
1015,-12.41396,130.15976
1016,-12.40858,130.16886
1017,-12.40386,130.1783
1018,-34.4496,172.5043
1019,-34.6558,173.9083
1020,-34.8568,171.9522
1021,-37.3198,168.4993
1022,-37.5657,168.1478
1023,-38.9872,165.499
1024,-39.0537,165.0963
1025,-40.3355,157.595
1026,-40.473,156.6113
1027,-42.21732,150.25362
1028,-43.2618,145.2735
1029,-42.9225,144.995
1030,-40.2843,143.3303
1031,-39.6825,143.0513
1032,-36.11239,136.37078
1033,-35.2483,129.63401
1034,-35.16579,128.73051
1035,-34.84715,124.57503
1036,-34.89346,120.53515
1037,-35.08045,119.67864
1038,-35.40674,116.33919
1039,-41.11255,148.8108
1040,-38.32631,149.77182
1041,-17.60089,177.43507
1042,-17.9528,177.16267
1043,-18.24831,176.84593
1044,-20.68344,174.22649
1045,-23.23448,171.24417
1046,-23.57069,170.78352
1047,-36.40947,154.39938
1048,-42.74854,148.52848
1049,-21.1825,115.52476
1050,-19.92376,117.1168
1051,42.9905,6.4062
1052,42.9885,6.4672
1053,42.9862,6.4991
1054,42.9768,6.5611
1055,42.9666,6.6219
1056,43.1411,6.973
1057,43.1783,7.0104
1058,43.2166,7.0478
1059,43.2553,7.0859
1060,43.2941,7.1243
1061,43.3317,7.1611
1062,43.369,7.1959
1063,43.3928,7.1651
1064,43.4076,7.0842
1065,43.4216,7.0155
1066,43.3823,6.9233
1067,43.3787,6.9794
1068,43.3758,7.0368
1069,43.3738,7.0925
1070,43.3722,7.1514
1071,43.37,7.2031
1072,43.3742,7.2676
1073,43.3768,7.3375
1074,43.3649,7.3069
1075,43.3479,7.2387
1076,43.3303,7.1696
1077,43.3137,7.1019
1078,43.2682,6.8859
1079,43.3027,6.9248
1080,43.3138,6.9668
1081,43.3481,6.9982
1082,43.3839,7.0298
1083,43.6879,7.4692
1084,43.6478,7.4976
1085,43.5176,7.5261
1086,43.504,7.4613
1087,43.4819,7.0825
1088,43.461,7.1332
1089,43.4386,7.1908
1090,43.4162,7.2492
1091,43.3958,7.305
1092,43.3766,7.36
1093,43.3579,7.4172
1094,43.3265,7.4256
1095,43.305,7.376
1096,43.2652,7.3481
1097,43.2194,7.368
1098,43.1742,7.3873
1099,43.1289,7.4073
1100,43.0842,7.4281
1101,43.0392,7.4493
1102,42.9986,7.4472
1103,42.9712,7.3914
1104,42.8987,7.227
1105,42.9062,7.1523
1106,42.9132,7.0773
1107,42.9216,6.9997
1108,42.9304,6.9225
1109,42.9398,6.8491
1110,42.9471,6.7724
1111,42.954,6.6971
1112,42.9649,6.6231
1113,42.9631,6.2806
1114,42.9187,6.2976
1115,42.8727,6.3134
1116,42.8299,6.3317
1117,42.7873,6.3521
1118,42.7537,6.3406
1119,42.7113,6.3663
1120,42.7248,6.3048
1121,42.7204,6.2448
1122,42.7137,6.1843
1123,42.7053,6.1234
1124,42.7066,6.0727
1125,42.7067,6.0662
1126,42.7324,6.0058
1127,42.7582,5.9445
1128,42.8051,5.7427
1129,42.7922,5.6725
1130,42.7786,5.6068
1131,42.7651,5.543
1132,42.8378,5.4744
1133,42.8405,5.4115
1134,42.845,5.3446
1135,42.8498,5.2777
1136,42.8404,5.2511
1137,42.8137,5.2937
1138,42.7216,6.6075
1139,42.6823,6.6507
1140,42.6429,6.6922
1141,42.6037,6.7353
1142,42.5619,6.7852
1143,42.5213,6.8333
1144,42.4799,6.8805
1145,42.4273,6.8634
1146,42.3966,6.9111
1147,42.3662,6.9605
1148,42.3355,7.0105
1149,42.3554,7.0568
1150,42.4042,7.0723
1151,42.4532,7.088
1152,42.4583,7.0912
1153,42.5102,7.1122
1154,42.563,7.13
1155,43.313,7.4368
1156,43.335,7.4295
1157,43.325,7.4076
1158,43.3158,7.3877
1159,43.3184,7.3693
1160,43.3303,7.3485
1161,43.357,7.3208
1162,43.3905,7.3559
1163,43.4246,7.3911
1164,43.4596,7.427
1165,43.4948,7.4633
1166,43.5311,7.5041
1167,43.5649,7.5454
1168,43.5359,7.5852
1169,43.5018,7.6253
1170,43.4995,7.628
1171,43.4688,7.6655
1172,43.4375,7.7083
1173,43.4065,7.7559
1174,43.3838,7.7373
1175,43.4894,7.2869
1176,43.4582,7.332
1177,43.2891,7.8605
1178,43.3358,7.8405
1179,43.3525,7.7999
1180,43.3547,7.7943
1181,43.3685,7.7312
1182,43.3823,7.6682
1183,43.3952,7.6086
1184,43.2185,7.1313
1185,43.1615,7.1207
1186,43.106,7.0028
1187,43.0875,6.9366
1188,43.0845,6.8889
1189,43.1203,6.8908
1190,42.9556,6.3888
1191,42.9199,6.4251
1192,42.884,6.4619
1193,42.85,6.4991
1194,42.8152,6.5385
1195,42.7762,6.5795
1196,42.7375,6.6205
1197,42.7221,6.6282
1198,42.6849,6.67
1199,42.6479,6.7141
1200,42.6082,6.7565
1201,42.5664,6.8016
1202,42.5223,6.8477
1203,42.4768,6.8925
1204,42.4308,6.9368
1205,42.3846,6.98
1206,42.2182,7.1246
1207,42.2524,7.1444
1208,42.2818,7.1869
1209,42.3017,7.2346
1210,42.3368,7.2854
1211,42.3713,7.3383
1212,42.4049,7.3917
1213,42.423,7.4204
1214,42.4691,7.4467
1215,42.5158,7.466
1216,42.5602,7.4814
1217,42.603,7.4931
1218,42.6372,7.4498
1219,42.6429,7.4316
1220,42.6754,7.3863
1221,42.7086,7.3392
1222,42.7436,7.2917
1223,42.7804,7.241
1224,42.8148,7.1937
1225,42.8466,7.1547
1226,42.9077,7.0176
1227,42.9394,6.9721
1228,42.9659,6.9785
1229,43.4802,7.1488
1230,43.4523,7.201
1231,43.425,7.2542
1232,43.3988,7.3549
1233,43.3796,7.3657
1234,43.342,7.3973
1235,43.3264,7.4084
1236,43.2918,7.4489
1237,43.2647,7.4782
1238,43.2597,7.4842
1239,43.2389,7.4307
1240,43.2261,7.3283
1241,43.2181,7.2641
1242,43.1794,7.2457
1243,43.1582,7.2406
1244,43.1341,7.2481
1245,43.1316,7.2457
1246,43.1306,7.228
1247,43.1002,7.0739
1248,43.0876,7.0165
1249,43.0004,6.9689
1250,42.9756,6.9302
1251,42.8281,6.6671
1252,42.9601,6.384
1253,42.9208,6.4243
1254,42.8821,6.4677
1255,42.8435,6.5119
1256,42.804,6.5548
1257,42.7842,6.5759
1258,42.7429,6.6197
1259,42.6993,6.6661
1260,42.6552,6.7107
1261,42.6148,6.7523
1262,42.5744,6.7945
1263,42.5339,6.835
1264,42.4471,7.2364
1265,42.4875,7.2792
1266,42.7759,7.1595
1267,42.8276,7.1543
1268,42.8792,7.1483
1269,42.8982,7.1064
1270,42.947,7.1078
1271,42.9961,7.1167
1272,43.0464,7.1252
1273,43.0961,7.134
1274,43.1315,7.1728
1275,43.1577,7.2286
1276,43.1838,7.3055
1277,43.2133,7.3607
1278,43.249,7.4109
1279,43.2844,7.4614
1280,43.3148,7.5044
1281,43.3169,7.505
1282,43.3499,7.4565
1283,43.3845,7.4036
1284,43.4218,7.3511
1285,43.4586,7.2983
1286,43.4971,7.2506
1287,43.5319,7.2132
1288,43.2833,7.2148
1289,43.2625,7.2677
1290,43.2303,7.312
1291,43.2148,7.3189
1292,43.1707,7.3485
1293,43.1421,7.3691
1294,43.0973,7.3991
1295,43.0498,7.4336
1296,43.0357,7.4455
1297,42.9909,7.4775
1298,42.9433,7.51
1299,42.5077,8.5175
1300,42.5503,8.5381
1301,42.5954,8.5611
1302,42.6254,8.5903
1303,42.659,8.622
1304,42.6875,8.6559
1305,42.7322,8.6562
1306,42.7802,8.6577
1307,43.1057,8.4006
1308,43.1319,8.3614
1309,43.1744,8.2867
1310,43.1455,8.3267
1311,43.1504,8.3234
1312,43.1147,8.283
1313,43.0845,8.2461
1314,43.0778,8.2392
1315,43.0451,8.1972
1316,43.0126,8.155
1317,42.983,8.1088
1318,42.9871,8.0514
1319,42.9916,8.0362
1320,43.0153,7.9722
1321,43.0697,7.8547
1322,43.0937,7.8108
1323,43.1044,7.758
1324,43.1074,7.6936
1325,43.1117,7.6359
1326,43.129,7.6476
1327,43.1261,7.5947
1328,43.1243,7.5309
1329,43.1231,7.4665
1330,42.8558,6.78
1331,42.8816,6.817
1332,42.9027,6.8557
1333,42.9213,6.899
1334,42.9387,6.9428
1335,42.9586,6.9855
1336,42.9794,7.0302
1337,42.9917,7.0385
1338,43.0248,7.0553
1339,43.0652,7.0794
1340,43.0987,7.1011
1341,43.13,7.0893
1342,43.166,7.1225
1343,43.1929,7.1474
1344,43.2291,7.1791
1345,42.869,6.8281
1346,42.8592,6.7719
1347,42.8443,6.7002
1348,42.8334,6.6472
1349,42.8295,6.6149
1350,42.816,6.5505
1351,42.8043,6.4864
1352,42.8052,6.4729
1353,42.7886,6.4135
1354,42.7711,6.3518
1355,42.7224,6.3477
1356,42.7152,6.2861
1357,42.7177,6.2346
1358,42.7135,6.242
1359,42.7124,6.2366
1360,42.6689,6.2099
1361,42.6242,6.1877
1362,42.5771,6.1667
1363,42.5308,6.1469
1364,42.4889,6.1252
1365,42.5075,6.062
1366,42.5208,6.0127
1367,42.5344,5.9581
1368,42.5465,5.9037
1369,42.5783,5.8943
1370,42.6222,5.9167
1371,42.6668,5.9359
1372,42.7026,5.9638
1373,42.7909,5.97
1374,42.7692,6.016
1375,42.7445,6.0658
1376,42.7228,6.1109
1377,42.7162,6.163
1378,42.733,6.2193
1379,42.7502,6.2723
1380,42.8018,6.2844
1381,42.7869,6.3252
1382,42.7834,6.3352
1383,42.7869,6.3608
1384,42.7962,6.3984
1385,42.8002,6.4467
1386,42.9567,6.3819
1387,42.9189,6.4214
1388,42.8812,6.4591
1389,42.8458,6.4975
1390,42.8094,6.5434
1391,42.7707,6.589
1392,42.7301,6.6333
1393,42.6914,6.6768
1394,42.6435,6.7765
1395,42.5963,6.814
1396,42.3706,7.0491
1397,42.3308,7.0804
1398,42.7634,5.9933
1399,42.7725,5.9231
1400,42.781,5.8522
1401,43.0688,5.6485
1402,43.059,5.5825
1403,43.048,5.5169
1404,43.0366,5.4497
1405,42.8503,5.0289
1406,42.8129,4.9912
1407,42.7914,4.9692
1408,42.787,4.9657
1409,42.765,4.9641
1410,42.7168,4.9599
1411,42.6713,4.9571
1412,42.6302,4.9825
1413,42.5913,5.021
1414,42.551,5.0521
1415,42.5108,5.0858
1416,42.8956,5.7201
1417,42.8864,5.7795
1418,42.8828,5.8034
1419,42.9181,5.8333
1420,42.9479,5.8634
1421,42.953,5.8608
1422,42.9344,5.8998
1423,42.9151,5.9431
1424,42.8977,5.9898
1425,-33.91373,18.32366
1426,-34.49938,16.87964
1427,-34.49984,13.76818
1428,-34.49984,12.62936
1429,-34.49989,8.12729
1430,-34.49988,3.39423
1431,-34.49991,2.74447
1432,-34.646,-0.6988
1433,-34.79798,-1.42273
1434,-34.94604,-2.1313
1435,-35.05531,-2.65528
1436,-35.93871,-6.91813
1437,-36.10068,-7.70317
1438,-36.26094,-8.48535
1439,-37.42253,-12.45763
1440,-38.20082,-11.76133
1441,-37.044,-12.24053
1442,-36.70655,-8.46407
1443,-36.64443,-7.75228
1444,-36.5823,-7.03993
1445,-36.52352,-6.3653
1446,-36.45125,-5.53883
1447,-36.14312,-2.01792
1448,-36.08763,-1.3876
1449,-36.0315,-0.74833
1450,-35.95563,-0.05777
1451,-35.87962,0.62362
1452,-35.28493,5.91343
1453,-35.1912,6.74365
1454,-35.11448,7.42248
1455,-35.03627,8.11363
1456,-34.95728,8.79605
1457,-34.42727,13.47423
1458,-34.38053,14.05992
1459,-34.38365,14.49107
1460,-34.38713,14.96012
1461,-34.39067,15.44115
1462,-33.89933,18.28933
1463,-34.00005,15.08568
1464,-34.67058,14.16477
1465,-35.14128,13.80473
1466,-37.66145,11.8954
1467,-38.516,11.22853
1468,-39.13493,10.74698
1469,-42.42103,8.09428
1470,-42.91107,7.92398
1471,-44.76873,6.92065
1472,-45.27038,6.42957
1473,-45.79472,5.91123
1474,-46.09228,5.61492
1475,-47.84445,3.88835
1476,-48.2773,3.42655
1477,-48.6277,3.0318
1478,-50.15338,1.39888
1479,-50.67697,0.83325
1480,-51.10952,0.34228
1481,-51.36555,0.02163
1482,-54.0649,0.00025
1483,-54.88317,0.0032
1484,-57.73332,0.00242
1485,-58.76408,0.0015
1486,-59.48022,0.01178
1487,-62.01553,0.00498
1488,-63.101,0.00021
1489,5.6347,83.1362
1490,5.7087,83.7122
1491,5.8953,85.0038
1492,5.9693,85.7022
1493,6.1637,86.9385
1494,6.2427,87.6247
1495,6.4225,88.7502
1496,6.4692,89.3732
1497,6.6318,90.5578
1498,6.5213,91.1412
1499,6.4847,92.2643
1500,6.4857,92.897
1501,6.5455,93.681
1502,6.6995,94.1268
1503,6.854,94.8588
1504,6.9277,95.3367
1505,7.0105,96.298
1506,7.2808,96.8997
1507,2.3037,101.8536
1508,2.4215,101.694
1509,2.6484,101.3775
1510,2.8568,100.9803
1511,3.1583,100.6398
1512,3.4716,100.2591
1513,5.5069,97.476
1514,5.6427,97.027
1515,5.7739,96.5858
1516,5.9026,96.1541
1517,6.0339,95.713
1518,6.1668,95.2768
1519,6.9782,92.5532
1520,7.1325,92.0312
1521,7.2746,91.5464
1522,7.4112,91.072
1523,8.7437,89.2574
1524,9.1083,89.1532
1525,9.4996,89.042
1526,9.928,88.9212
1527,10.3648,88.796
1528,10.799,88.6758
1529,11.8389,88.5981
1530,12.2929,88.7153
1531,12.7541,88.7501
1532,14.8168,89.0953
1533,15.2756,89.1725
1534,17.47156,89.51016
1535,18.016,89.5479
1536,17.9407,89.34
1537,18.03,89.6801
1538,17.5285,89.6424
1539,16.0351,87.959
1540,16.4799,87.8248
1541,16.0355,87.8699
1542,15.8782,88.2682
1543,15.5013,88.5533
1544,15.1337,88.83
1545,12.6874,88.7831
1546,12.14,88.7046
1547,9.39205,89.07423
1548,8.84355,89.2881
1549,8.2875,89.3885
1550,7.8646,89.5398
1551,7.4454,89.6913
1552,7.0296,89.8447
1553,6.7212,90.0107
1554,6.805,91.3838
1555,6.7124,91.8258
1556,6.628,92.2253
1557,6.547,92.624
1558,6.461,93.0193
1559,6.3811,93.4229
1560,5.7471,96.1514
1561,5.6364,96.5635
1562,5.5288,96.9558
1563,5.4201,97.3536
1564,5.2349,97.7096
1565,5.0015,98.0552
1566,3.2874,100.2856
1567,3.0186,100.6328
1568,2.7963,100.9829
1569,2.5986,101.3538
1570,2.3564,101.6925
